Id;R/O_final;Country;Entry;Artist;Song;Language;Placing_final;Year
15;1;Belgium;2;Bobbejaan Schoepen;"""Straatdeuntje""";Dutch;8;1957
16;2;Luxembourg;2;Danièle Dupré;"""Amours mortes (tant de peine)""";French;4;1957
17;3;United Kingdom;1;Patricia Bredin;"""All""";English;7;1957
18;4;Italy;2;Nunzio Gallo;"""Corde della mia chitarra""";Italian;6;1957
19;5;Austria;1;Bob Martin;"""Wohin, kleines Pony?""";German;10 ◁;1957
20;6;Netherlands;2;Corry Brokken;"""Net als toen""";Dutch;1;1957
21;7;Germany;2;Margot Hielscher;"""Telefon, Telefon""";German;4;1957
22;8;France;2;Paule Desjardins;"""La belle amour""";French;2;1957
23;9;Denmark;1;Birthe Wilke & Gustav Winckler;"""Skibet skal sejle i nat""";Danish;3;1957
24;10;Switzerland;2;Lys Assia;"""L'enfant que j'étais""";French;8;1957
25;1;Italy;3;Domenico Modugno;"""Nel blu, dipinto di blu""";Italian;3;1958
26;2;Netherlands;3;Corry Brokken;"""Heel de wereld""";Dutch;9 ◁;1958
27;3;France;3;André Claveau;"""Dors, mon amour""";French;1;1958
28;4;Luxembourg;3;Solange Berry;"""Un grand amour""";French;9 ◁;1958
29;5;Sweden;1;Alice Babs;"""Lilla stjärna""";Swedish;4;1958
30;6;Denmark;2;Raquel Rastenni;"""Jeg rev et blad ud af min dagbog""";Danish;8;1958
31;7;Belgium;3;Fud Leclerc;"""Ma petite chatte""";French;5;1958
32;8;Germany;3;Margot Hielscher;"""Für zwei Groschen Musik""";German;7;1958
33;9;Austria;2;Liane Augustin;"""Die ganze Welt braucht Liebe""";German;5;1958
34;10;Switzerland;3;Lys Assia;"""Giorgio""";German, Italian;2;1958
35;1;France;4;Jean Philippe;"""Oui, oui, oui, oui""";French;3;1959
36;2;Denmark;3;Birthe Wilke;"""Uh, jeg ville ønske jeg var dig""";Danish;5;1959
37;3;Italy;4;Domenico Modugno;"""Piove (Ciao, ciao bambina)""";Italian;6;1959
38;4;Monaco;1;Jacques Pills;"""Mon ami Pierrot""";French;11 ◁;1959
39;5;Netherlands;4;Teddy Scholten;"""Een beetje""";Dutch;1;1959
40;6;Germany;4;Alice & Ellen Kessler;"""Heute Abend wollen wir tanzen geh'n""";German;8;1959
41;7;Sweden;2;Brita Borg;"""Augustin""";Swedish;9;1959
42;8;Switzerland;4;Christa Williams;"""Irgendwoher""";German;4;1959
43;9;Austria;3;Ferry Graf;"""Der K und K Kalypso aus Wien""";German;9;1959
44;10;United Kingdom;2;Pearl Carr & Teddy Johnson;"""Sing, Little Birdie""";English;2;1959
45;11;Belgium;4;Bob Benny;"""Hou toch van mij""";Dutch;6;1959
46;1;United Kingdom;3;Bryan Johnson;"""Looking High, High, High""";English;2;1960
47;2;Sweden;3;Siw Malmkvist;"""Alla andra får varann""";Swedish;10;1960
48;3;Luxembourg;4;Camillo Felgen;"""So laang we's du do bast""";Luxembourgish;13 ◁;1960
49;4;Denmark;4;Katy Bødtger;"""Det var en yndig tid""";Danish;10;1960
50;5;Belgium;5;Fud Leclerc;"""Mon amour pour toi""";French;6;1960
51;6;Norway;1;Nora Brockstedt;"""Voi voi""";Norwegian;4;1960
52;7;Austria;4;Harry Winter;"""Du hast mich so fasziniert""";German;7;1960
53;8;Monaco;2;François Deguelt;"""Ce soir-là""";French;3;1960
54;9;Switzerland;5;Anita Traversi;"""Cielo e terra""";Italian;8;1960
55;10;Netherlands;5;Rudi Carrell;"""Wat een geluk""";Dutch;12;1960
56;11;Germany;5;Wyn Hoop;"""Bonne nuit ma chérie""";German;4;1960
57;12;Italy;5;Renato Rascel;"""Romantica""";Italian;8;1960
58;13;France;5;Jacqueline Boyer;"""Tom Pillibi""";French;1;1960
59;1;Spain;1;Conchita Bautista;"""Estando contigo""";Spanish;9;1961
60;2;Monaco;3;Colette Deréal;"""Allons, allons les enfants""";French;10;1961
61;3;Austria;5;Jimmy Makulis;"""Sehnsucht""";German;15 ◁;1961
62;4;Finland;1;Laila Kinnunen;"""Valoa ikkunassa""";Finnish;10;1961
63;5;Yugoslavia;1;Ljiljana Petrović;"""Neke davne zvezde"" (Неке давне звезде)";Serbo-Croatian;8;1961
64;6;Netherlands;6;Greetje Kauffeld;"""Wat een dag""";Dutch;10;1961
65;7;Sweden;4;Lill-Babs;"""April, april""";Swedish;14;1961
66;8;Germany;6;Lale Andersen;"""Einmal sehen wir uns wieder""";German, French;13;1961
67;9;France;6;Jean-Paul Mauric;"""Printemps, avril carillonne""";French;4;1961
68;10;Switzerland;6;Franca di Rienzo;"""Nous aurons demain""";French;3;1961
69;11;Belgium;6;Bob Benny;"""September, gouden roos""";Dutch;15 ◁;1961
70;12;Norway;2;Nora Brockstedt;"""Sommer i Palma""";Norwegian;7;1961
71;13;Denmark;5;Dario Campeotto;"""Angelique""";Danish;5;1961
72;14;Luxembourg;5;Jean-Claude Pascal;"""Nous les amoureux""";French;1;1961
73;15;United Kingdom;4;The Allisons;"""Are You Sure?""";English;2;1961
74;16;Italy;6;Betty Curtis;"""Al di là""";Italian;5;1961
75;1;Finland;2;Marion Rung;"""Tipi-tii""";Finnish;7;1962
76;2;Belgium;7;Fud Leclerc;"""Ton nom""";French;13 ◁;1962
77;3;Spain;2;Víctor Balaguer;"""Llámame""";Spanish;13 ◁;1962
78;4;Austria;6;Eleonore Schwarz;"""Nur in der Wiener Luft""";German;13 ◁;1962
79;5;Denmark;6;Ellen Winther;"""Vuggevise""";Danish;10;1962
80;6;Sweden;5;Inger Berggren;"""Sol och vår""";Swedish;7;1962
81;7;Germany;7;Conny Froboess;"""Zwei kleine Italiener""";German;6;1962
82;8;Netherlands;7;De Spelbrekers;"""Katinka""";Dutch;13 ◁;1962
83;9;France;7;Isabelle Aubret;"""Un premier amour""";French;1;1962
84;10;Norway;3;Inger Jacobsen;"""Kom sol, kom regn""";Norwegian;10;1962
85;11;Switzerland;7;Jean Philippe;"""Le retour""";French;10;1962
86;12;Yugoslavia;2;Lola Novaković;"""Ne pali svetla u sumrak"" (Не пали светла у сумрак)";Serbo-Croatian;4;1962
87;13;United Kingdom;5;Ronnie Carroll;"""Ring-a-Ding Girl""";English;4;1962
88;14;Luxembourg;6;Camillo Felgen;"""Petit bonhomme""";French;3;1962
89;15;Italy;7;Claudio Villa;"""Addio, addio""";Italian;9;1962
90;16;Monaco;4;François Deguelt;"""Dis rien""";French;2;1962
91;1;United Kingdom;6;Ronnie Carroll;"""Say Wonderful Things""";English;4;1963
92;2;Netherlands;8;Annie Palmen;"""Een speeldoos""";Dutch;13 ◁;1963
93;3;Germany;8;Heidi Brühl;"""Marcel""";German;9;1963
94;4;Austria;7;Carmela Corren;"""Vielleicht geschieht ein Wunder""";German, English;7;1963
95;5;Norway;4;Anita Thallaug;"""Solhverv""";Norwegian;13 ◁;1963
96;6;Italy;8;Emilio Pericoli;"""Uno per tutte""";Italian;3;1963
97;7;Finland;3;Laila Halme;"""Muistojeni laulu""";Finnish;13 ◁;1963
98;8;Denmark;7;Grethe & Jørgen Ingmann;"""Dansevise""";Danish;1;1963
99;9;Yugoslavia;3;Vice Vukov;"""Brodovi"" (Бродови)";Serbo-Croatian;11;1963
100;10;Switzerland;8;Esther Ofarim;"""T'en va pas""";French;2;1963
101;11;France;8;Alain Barrière;"""Elle était si jolie""";French;5;1963
102;12;Spain;3;José Guardiola;"""Algo prodigioso""";Spanish;12;1963
103;13;Sweden;6;Monica Zetterlund;"""En gång i Stockholm""";Swedish;13 ◁;1963
104;14;Belgium;8;Jacques Raymond;"""Waarom?""";Dutch;10;1963
105;15;Monaco;5;Françoise Hardy;"""L'amour s'en va""";French;5;1963
106;16;Luxembourg;7;Nana Mouskouri;"""À force de prier""";French;8;1963
107;1;Luxembourg;8;Hugues Aufray;"""Dès que le printemps revient""";French;4;1964
108;2;Netherlands;9;Anneke Grönloh;"""Jij bent mijn leven""";Dutch;10;1964
109;3;Norway;5;Arne Bendiksen;"""Spiral""";Norwegian;8;1964
110;4;Denmark;8;Bjørn Tidmand;"""Sangen om dig""";Danish;9;1964
111;5;Finland;4;Lasse Mårtenson;"""Laiskotellen""";Finnish;7;1964
112;6;Austria;8;Udo Jürgens;"""Warum nur, warum?""";German;6;1964
113;7;France;9;Rachel;"""Le chant de Mallory""";French;4;1964
114;8;United Kingdom;7;Matt Monro;"""I Love the Little Things""";English;2;1964
115;9;Germany;9;Nora Nova;"""Man gewöhnt sich so schnell an das Schöne""";German;13 ◁;1964
116;10;Monaco;6;Romuald;"""Où sont-elles passées""";French;3;1964
117;11;Portugal;1;António Calvário;"""Oração""";Portuguese;13 ◁;1964
118;12;Italy;9;Gigliola Cinquetti;"""Non ho l'età""";Italian;1;1964
119;13;Yugoslavia;4;Sabahudin Kurt;"""Život je sklopio krug"" (Живот је склопио круг)";Serbo-Croatian;13 ◁;1964
120;14;Switzerland;9;Anita Traversi;"""I miei pensieri""";Italian;13 ◁;1964
121;15;Belgium;9;Robert Cogoi;"""Près de ma rivière""";French;10;1964
122;16;Spain;4;Tim, Nelly & Tony;"""Caracola""";Spanish;12;1964
123;1;Netherlands;10;Conny Vandenbos;"""'t Is genoeg""";Dutch;11;1965
124;2;United Kingdom;8;Kathy Kirby;"""I Belong""";English;2;1965
125;3;Spain;5;Conchita Bautista;"""¡Qué bueno, qué bueno!""";Spanish;15 ◁;1965
126;4;Ireland;1;Butch Moore;"""Walking the Streets in the Rain""";English;6;1965
127;5;Germany;10;Ulla Wiesner;"""Paradies, wo bist du?""";German;15 ◁;1965
128;6;Austria;9;Udo Jürgens;"""Sag ihr, ich lass sie grüßen""";German;4;1965
129;7;Norway;6;Kirsti Sparboe;"""Karusell""";Norwegian;13;1965
130;8;Belgium;10;Lize Marke;"""Als het weer lente is""";Dutch;15 ◁;1965
131;9;Monaco;7;Marjorie Noël;"""Va dire à l'amour""";French;9;1965
132;10;Sweden;7;Ingvar Wixell;"""Absent Friend""";English;10;1965
133;11;France;10;Guy Mardel;"""N'avoue jamais""";French;3;1965
134;12;Portugal;2;Simone de Oliveira;"""Sol de inverno""";Portuguese;13;1965
135;13;Italy;10;Bobby Solo;"""Se piangi, se ridi""";Italian;5;1965
136;14;Denmark;9;Birgit Brüel;"""For din skyld""";Danish;7;1965
137;15;Luxembourg;9;France Gall;"""Poupée de cire, poupée de son""";French;1;1965
138;16;Finland;5;Viktor Klimenko;"""Aurinko laskee länteen""";Finnish;15 ◁;1965
139;17;Yugoslavia;5;Vice Vukov;"""Čežnja"" (Чежња)";Serbo-Croatian;12;1965
140;18;Switzerland;10;Yovanna;"""Non – à jamais sans toi""";French;8;1965
141;1;Germany;11;Margot Eskens;"""Die Zeiger der Uhr""";German;10;1966
142;2;Denmark;10;Ulla Pia;"""Stop – mens legen er go'""";Danish;14;1966
143;3;Belgium;11;Tonia;"""Un peu de poivre, un peu de sel""";French;4;1966
144;4;Luxembourg;10;Michèle Torr;"""Ce soir je t'attendais""";French;10;1966
145;5;Yugoslavia;6;Berta Ambrož;"""Brez besed""";Slovene;7;1966
146;6;Norway;7;Åse Kleveland;"""Intet er nytt under solen""";Norwegian;3;1966
147;7;Finland;6;Ann Christine;"""Playboy""";Finnish;10;1966
148;8;Portugal;3;Madalena Iglésias;"""Ele e ela""";Portuguese;13;1966
149;9;Austria;10;Udo Jürgens;"""Merci, Chérie""";German[b];1;1966
150;10;Sweden;8;Lill Lindfors & Svante Thuresson;"""Nygammal vals""";Swedish;2;1966
151;11;Spain;6;Raphael;"""Yo soy aquél""";Spanish;7;1966
152;12;Switzerland;11;Madeleine Pascal;"""Ne vois-tu pas ?""";French;6;1966
153;13;Monaco;8;Téréza;"""Bien plus fort""";French;17 ◁;1966
154;14;Italy;11;Domenico Modugno;"""Dio, come ti amo""";Italian;17 ◁;1966
155;15;France;11;Dominique Walter;"""Chez nous""";French;16;1966
156;16;Netherlands;11;Milly Scott;"""Fernando en Filippo""";Dutch;15;1966
157;17;Ireland;2;Dickie Rock;"""Come Back to Stay""";English;4;1966
158;18;United Kingdom;9;Kenneth McKellar;"""A Man Without Love""";English;9;1966
159;1;Netherlands;12;Thérèse Steinmetz;"""Ring-dinge-ding""";Dutch;14;1967
160;2;Luxembourg;11;Vicky Leandros;"""L'amour est bleu""";French;4;1967
161;3;Austria;11;Peter Horton [de];"""Warum es hunderttausend Sterne gibt""";German;14;1967
162;4;France;12;Noëlle Cordier;"""Il doit faire beau là-bas""";French;3;1967
163;5;Portugal;4;Eduardo Nascimento;"""O vento mudou""";Portuguese;12;1967
164;6;Switzerland;12;Géraldine;"""Quel cœur vas-tu briser ?""";French;17 ◁;1967
165;7;Sweden;9;Östen Warnerbring;"""Som en dröm""";Swedish;8;1967
166;8;Finland;7;Fredi;"""Varjoon – suojaan""";Finnish;12;1967
167;9;Germany;12;Inge Brück;"""Anouschka""";German;8;1967
168;10;Belgium;12;Louis Neefs;"""Ik heb zorgen""";Dutch;7;1967
169;11;United Kingdom;10;Sandie Shaw;"""Puppet on a String""";English;1;1967
170;12;Spain;7;Raphael;"""Hablemos del amor""";Spanish;6;1967
171;13;Norway;8;Kirsti Sparboe;"""Dukkemann""";Norwegian;14;1967
172;14;Monaco;9;Minouche Barelli;"""Boum-badaboum""";French;5;1967
173;15;Yugoslavia;7;Lado Leskovar [sl];"""Vse rože sveta""";Slovene;8;1967
174;16;Italy;12;Claudio Villa;"""Non andare più lontano""";Italian;11;1967
175;17;Ireland;3;Sean Dunphy;"""If I Could Choose""";English;2;1967
176;1;Portugal;5;Carlos Mendes;"""Verão""";Portuguese;11;1968
177;2;Netherlands;13;Ronnie Tober;"""Morgen""";Dutch;16 ◁;1968
178;3;Belgium;13;Claude Lombard;"""Quand tu reviendras""";French;7;1968
179;4;Austria;12;Karel Gott;"""Tausend Fenster""";German;13;1968
180;5;Luxembourg;12;Chris Baldo & Sophie Garel [fr];"""Nous vivrons d'amour""";French;11;1968
181;6;Switzerland;13;Gianni Mascolo;"""Guardando il sole""";Italian;13;1968
182;7;Monaco;10;Line & Willy;"""À chacun sa chanson""";French;7;1968
183;8;Sweden;10;Claes-Göran Hederström;"""Det börjar verka kärlek, banne mig""";Swedish;5;1968
184;9;Finland;8;Kristina Hautala;"""Kun kello käy""";Finnish;16 ◁;1968
185;10;France;13;Isabelle Aubret;"""La source""";French;3;1968
186;11;Italy;13;Sergio Endrigo;"""Marianne""";Italian;10;1968
187;12;United Kingdom;11;Cliff Richard;"""Congratulations""";English;2;1968
188;13;Norway;9;Odd Børre;"""Stress""";Norwegian;13;1968
189;14;Ireland;4;Pat McGuigan;"""Chance of a Lifetime""";English;4;1968
190;15;Spain;8;Massiel;"""La, la, la""";Spanish;1;1968
191;16;Germany;13;Wenche Myhre;"""Ein Hoch der Liebe""";German;6;1968
192;17;Yugoslavia;8;Luci Capurso & Hamo Hajdarhodžić;"""Jedan dan"" (Један дан)";Serbo-Croatian;7;1968
193;1;Yugoslavia;9;Ivan [hr] & 4M [hr];"""Pozdrav svijetu"" (Поздрав свијету)";Serbo-Croatian;13;1969
194;2;Luxembourg;13;Romuald;"""Catherine""";French;11;1969
195;3;Spain;9;Salomé;"""Vivo cantando""";Spanish;1;1969
196;4;Monaco;11;Jean Jacques;"""Maman, Maman""";French;6;1969
197;5;Ireland;5;Muriel Day and The Lindsays;"""The Wages of Love""";English;7;1969
198;6;Italy;14;Iva Zanicchi;"""Due grosse lacrime bianche""";Italian;13;1969
199;7;United Kingdom;12;Lulu;"""Boom Bang-a-Bang""";English;1;1969
200;8;Netherlands;14;Lenny Kuhr;"""De troubadour""";Dutch;1;1969
201;9;Sweden;11;Tommy Körberg;"""Judy, min vän""";Swedish;9;1969
202;10;Belgium;14;Louis Neefs;"""Jennifer Jennings""";Dutch;7;1969
203;11;Switzerland;14;Paola del Medico;"""Bonjour, bonjour""";German;5;1969
204;12;Norway;10;Kirsti Sparboe;"""Oj, oj, oj, så glad jeg skal bli""";Norwegian;16 ◁;1969
205;13;Germany;14;Siw Malmkvist;"""Primaballerina""";German;9;1969
206;14;France;14;Frida Boccara;"""Un jour, un enfant""";French;1;1969
207;15;Portugal;6;Simone de Oliveira;"""Desfolhada portuguesa""";Portuguese;15;1969
208;16;Finland;9;Jarkko & Laura;"""Kuin silloin ennen""";Finnish;12;1969
209;1;Netherlands;15;Patricia & Hearts of Soul;"""Waterman""";Dutch;7;1970
210;2;Switzerland;15;Henri Dès;"""Retour""";French;4;1970
211;3;Italy;15;Gianni Morandi;"""Occhi di ragazza""";Italian;8;1970
212;4;Yugoslavia;10;Eva Sršen;"""Pridi, dala ti bom cvet""";Slovene;11;1970
213;5;Belgium;15;Jean Vallée;"""Viens l'oublier""";French;8;1970
214;6;France;15;Guy Bonnet;"""Marie-Blanche""";French;4;1970
215;7;United Kingdom;13;Mary Hopkin;"""Knock, Knock Who's There?""";English;2;1970
216;8;Luxembourg;14;David Alexandre Winter;"""Je suis tombé du ciel""";French;12 ◁;1970
217;9;Spain;10;Julio Iglesias;"""Gwendolyne""";Spanish;4;1970
218;10;Monaco;12;Dominique Dussault;"""Marlène""";French;8;1970
219;11;Germany;15;Katja Ebstein;"""Wunder gibt es immer wieder""";German;3;1970
220;12;Ireland;6;Dana;"""All Kinds of Everything""";English;1;1970
221;1;Austria;13;Marianne Mendt;"""Musik""";Viennese;16;1971
222;2;Malta;1;Joe Grech;"""Marija l-Maltija""";Maltese;18 ◁;1971
223;3;Monaco;13;Séverine;"""Un banc, un arbre, une rue""";French;1;1971
224;4;Switzerland;16;Peter, Sue and Marc;"""Les illusions de nos vingt ans""";French;12;1971
225;5;Germany;16;Katja Ebstein;"""Diese Welt""";German;3;1971
226;6;Spain;11;Karina;"""En un mundo nuevo""";Spanish;2;1971
227;7;France;16;Serge Lama;"""Un jardin sur la terre""";French;10;1971
228;8;Luxembourg;15;Monique Melsen;"""Pomme, pomme, pomme""";French;13;1971
229;9;United Kingdom;14;Clodagh Rodgers;"""Jack in the Box""";English;4;1971
230;10;Belgium;16;Lily Castel & Jacques Raymond;"""Goeiemorgen, morgen""";Dutch;14;1971
231;11;Italy;16;Massimo Ranieri;"""L'amore è un attimo""";Italian;5;1971
232;12;Sweden;12;Family Four;"""Vita vidder""";Swedish;6;1971
233;13;Ireland;7;Angela Farrell;"""One Day Love""";English;11;1971
234;14;Netherlands;16;Saskia & Serge;"""Tijd""";Dutch;6;1971
235;15;Portugal;7;Tonicha;"""Menina do alto da serra""";Portuguese;9;1971
236;16;Yugoslavia;11;Krunoslav Slabinac;"""Tvoj dječak je tužan"" (Твој дјечак је тужан)";Serbo-Croatian;14;1971
237;17;Finland;10;Markku Aro & Koivistolaiset [fi];"""Tie uuteen päivään""";Finnish;8;1971
238;18;Norway;11;Hanne Krogh;"""Lykken er""";Norwegian;17;1971
239;1;Germany;17;Mary Roos;"""Nur die Liebe läßt uns leben""";German;3;1972
240;2;France;17;Betty Mars;"""Comé-comédie""";French;11;1972
241;3;Ireland;8;Sandie Jones;"""Ceol an ghrá""";Irish;15;1972
242;4;Spain;12;Jaime Morey;"""Amanece""";Spanish;10;1972
243;5;United Kingdom;15;The New Seekers;"""Beg, Steal or Borrow""";English;2;1972
244;6;Norway;12;Grethe Kausland & Benny Borg;"""Småting""";Norwegian;14;1972
245;7;Portugal;8;Carlos Mendes;"""A festa da vida""";Portuguese;7;1972
246;8;Switzerland;17;Véronique Müller;"""C'est la chanson de mon amour""";French;8;1972
247;9;Malta;2;Helen & Joseph;"""L-imħabba""";Maltese;18 ◁;1972
248;10;Finland;11;Päivi Paunu & Kim Floor;"""Muistathan""";Finnish;12;1972
249;11;Austria;14;Milestones;"""Falter im Wind""";German;5;1972
250;12;Italy;17;Nicola Di Bari;"""I giorni dell'arcobaleno""";Italian;6;1972
251;13;Yugoslavia;12;Tereza Kesovija;"""Muzika i ti"" (Музика и ти)";Serbo-Croatian;9;1972
252;14;Sweden;13;Family Four;"""Härliga sommardag""";Swedish;13;1972
253;15;Monaco;14;Anne-Marie Godart [fr] & Peter McLane [fr];"""Comme on s'aime""";French;16;1972
254;16;Belgium;17;Serge & Christine Ghisoland;"""À la folie ou pas du tout""";French;17;1972
255;17;Luxembourg;16;Vicky Leandros;"""Après toi""";French;1;1972
256;18;Netherlands;17;Sandra & Andres;"""Als het om de liefde gaat""";Dutch;4;1972
257;1;Finland;12;Marion Rung;"""Tom Tom Tom""";English;6;1973
258;2;Belgium;18;Nicole & Hugo;"""Baby, Baby""";Dutch[b][c][d];17 ◁;1973
259;3;Portugal;9;Fernando Tordo;"""Tourada""";Portuguese;10;1973
260;4;Germany;18;Gitte;"""Junger Tag""";German;8;1973
261;5;Norway;13;Bendik Singers;"""It's Just a Game""";English, French[d][e][f][g][h][i][j][k][l][m];7;1973
262;6;Monaco;15;Marie;"""Un train qui part""";French;8;1973
263;7;Spain;13;Mocedades;"""Eres tú""";Spanish;2;1973
264;8;Switzerland;18;Patrick Juvet;"""Je vais me marier, Marie""";French;12;1973
265;9;Yugoslavia;13;Zdravko Čolić;"""Gori vatra"" (Гори ватра)";Serbo-Croatian;15;1973
266;10;Italy;18;Massimo Ranieri;"""Chi sarà con te""";Italian;13;1973
267;11;Luxembourg;17;Anne-Marie David;"""Tu te reconnaîtras""";French;1;1973
268;12;Sweden;14;The Nova & The Dolls;"""You're Summer""";English;5;1973
269;13;Netherlands;18;Ben Cramer;"""De oude muzikant""";Dutch;14;1973
270;14;Ireland;9;Maxi;"""Do I Dream""";English;10;1973
271;15;United Kingdom;16;Cliff Richard;"""Power to All Our Friends""";English;3;1973
272;16;France;18;Martine Clémenceau;"""Sans toi""";French;15;1973
273;17;Israel;1;Ilanit;"""Ey Sham"" (אי שם)";Hebrew;4;1973
274;1;Finland;13;Carita;"""Keep Me Warm""";English;13;1974
275;2;United Kingdom;17;Olivia Newton-John;"""Long Live Love""";English;4;1974
276;3;Spain;14;Peret;"""Canta y sé feliz""";Spanish;9;1974
277;4;Norway;14;Anne-Karine Strøm & Bendik Singers;"""The First Day of Love""";English;14 ◁;1974
278;5;Greece;1;Marinella;"""Krasi, thalassa ke t' agori mou"" (Κρασί, θάλασσα και τ' αγόρι μου)";Greek;11;1974
279;6;Israel;2;Poogy;"""Natati La Khayay"" (נתתי לה חיי)";Hebrew;7;1974
280;7;Yugoslavia;14;Korni Grupa;"""Generacija '42"" (Генерација '42)";Serbo-Croatian;12;1974
281;8;Sweden;15;ABBA;"""Waterloo""";English;1;1974
282;9;Luxembourg;18;Ireen Sheer;"""Bye Bye I Love You""";French[c];4;1974
283;10;Monaco;16;Romuald;"""Celui qui reste et celui qui s'en va""";French;4;1974
284;11;Belgium;19;Jacques Hustin;"""Fleur de liberté""";French;9;1974
285;12;Netherlands;19;Mouth & MacNeal;"""I See a Star""";English;3;1974
286;13;Ireland;10;Tina Reynolds;"""Cross Your Heart""";English;7;1974
287;14;Germany;19;Cindy & Bert;"""Die Sommermelodie""";German;14 ◁;1974
288;15;Switzerland;19;Piera Martell;"""Mein Ruf nach dir""";German;14 ◁;1974
289;16;Portugal;10;Paulo de Carvalho;"""E depois do adeus""";Portuguese;14 ◁;1974
290;17;Italy;19;Gigliola Cinquetti;"""Sì""";Italian;2;1974
291;1;Netherlands;20;Teach-In;"""Ding-a-Dong""";English;1;1975
292;2;Ireland;11;The Swarbriggs;"""That's What Friends Are For""";English;9;1975
293;3;France;19;Nicole Rieu;"""Et bonjour à toi l'artiste""";French;4;1975
294;4;Germany;20;Joy Fleming;"""Ein Lied kann eine Brücke sein""";German, English;17;1975
295;5;Luxembourg;19;Geraldine;"""Toi""";French;5;1975
296;6;Norway;15;Ellen Nikolaysen;"""Touch My Life (With Summer)""";English;18;1975
297;7;Switzerland;20;Simone Drexel;"""Mikado""";German;6;1975
298;8;Yugoslavia;15;Pepel in kri [sl];"""Dan ljubezni""";Slovene;13;1975
299;9;United Kingdom;18;The Shadows;"""Let Me Be the One""";English;2;1975
300;10;Malta;3;Renato;"""Singing This Song""";English;12;1975
301;11;Belgium;20;Ann Christy;"""Gelukkig zijn""";Dutch, English;15;1975
302;12;Israel;3;Shlomo Artzi;"""At Ve'Ani"" (את ואני)";Hebrew;11;1975
303;13;Turkey;1;Semiha Yankı;"""Seninle Bir Dakika""";Turkish;19 ◁;1975
304;14;Monaco;17;Sophie;"""Une chanson c'est une lettre""";French;13;1975
305;15;Finland;14;Pihasoittajat;"""Old Man Fiddle""";English;7;1975
306;16;Portugal;11;Duarte Mendes;"""Madrugada""";Portuguese;16;1975
307;17;Spain;15;Sergio & Estíbaliz;"""Tú volverás""";Spanish;10;1975
308;18;Sweden;16;Lasse Berghagen & The Dolls;"""Jennie, Jennie""";English;8;1975
309;19;Italy;20;Wess & Dori Ghezzi;"""Era""";Italian;3;1975
310;1;United Kingdom;19;Brotherhood of Man;"""Save Your Kisses for Me""";English;1;1976
311;2;Switzerland;21;Peter, Sue and Marc;"""Djambo, Djambo""";English;4;1976
312;3;Germany;21;Les Humphries Singers;"""Sing Sang Song""";German;15;1976
313;4;Israel;4;Chocolate, Menta, Mastik;"""Emor Shalom"" (אמור שלום)";Hebrew;6;1976
314;5;Luxembourg;20;Jürgen Marcus;"""Chansons pour ceux qui s'aiment""";French;14;1976
315;6;Belgium;21;Pierre Rapsat;"""Judy et Cie""";French;8;1976
316;7;Ireland;12;Red Hurley;"""When""";English;10;1976
317;8;Netherlands;21;Sandra Reemer;"""The Party's Over""";English;9;1976
318;9;Norway;16;Anne-Karine Strøm;"""Mata Hari""";English;18 ◁;1976
319;10;Greece;2;Mariza Koch;"""Panagia mou, Panagia mou"" (Παναγιά μου, Παναγιά μου)";Greek;13;1976
320;11;Finland;15;Fredi & The Friends;"""Pump-Pump""";English;11;1976
321;12;Spain;16;Braulio;"""Sobran las palabras""";Spanish;16;1976
322;13;Italy;21;Al Bano & Romina Power;"""We'll Live It All Again""";English, Italian;7;1976
323;14;Austria;15;Waterloo & Robinson;"""My Little World""";English;5;1976
324;15;Portugal;12;Carlos do Carmo;"""Uma flor de verde pinho""";Portuguese;12;1976
325;16;Monaco;18;Mary Christy;"""Toi, la musique et moi""";French;3;1976
326;17;France;20;Catherine Ferry;"""Un, deux, trois""";French;2;1976
327;18;Yugoslavia;16;Ambasadori;"""Ne mogu skriti svoju bol"" (Не могу скрити своју бол)";Serbo-Croatian;17;1976
328;1;Ireland;13;The Swarbriggs Plus Two;"""It's Nice to Be in Love Again""";English;3;1977
329;2;Monaco;19;Michèle Torr;"""Une petite française""";French;4;1977
330;3;Netherlands;22;Heddy Lester;"""De mallemolen""";Dutch;12;1977
331;4;Austria;16;Schmetterlinge [de];"""Boom Boom Boomerang""";German[c];17;1977
332;5;Norway;17;Anita Skorgan;"""Casanova""";Norwegian;14;1977
333;6;Germany;22;Silver Convention;"""Telegram""";English;8;1977
334;7;Luxembourg;21;Anne-Marie B [fr];"""Frère Jacques""";French;16;1977
335;8;Portugal;13;Os Amigos;"""Portugal no coração""";Portuguese;14;1977
336;9;United Kingdom;20;Lynsey de Paul & Mike Moran;"""Rock Bottom""";English;2;1977
337;10;Greece;3;Pascalis [el], Marianna [el], Robert [el] & Bessy;"""Mathima solfege"" (Μάθημα σολφέζ)";Greek;5;1977
338;11;Israel;5;Ilanit;"""Ahava Hi Shir Lishnayim"" (אהבה היא שיר לשניים)";Hebrew;11;1977
339;12;Switzerland;22;Pepe Lienhard Band;"""Swiss Lady""";German;6;1977
340;13;Sweden;17;Forbes;"""Beatles""";Swedish;18 ◁;1977
341;14;Spain;17;Micky;"""Enséñame a cantar""";Spanish;9;1977
342;15;Italy;22;Mia Martini;"""Libera""";Italian;13;1977
343;16;Finland;16;Monica Aspelund;"""Lapponia""";Finnish;10;1977
344;17;Belgium;22;Dream Express;"""A Million in One, Two, Three""";English;7;1977
345;18;France;21;Marie Myriam;"""L'oiseau et l'enfant""";French;1;1977
346;1;Ireland;14;Colm C. T. Wilkinson;"""Born to Sing""";English;5;1978
347;2;Norway;18;Jahn Teigen;"""Mil etter mil""";Norwegian;20 ◁;1978
348;3;Italy;23;Ricchi e Poveri;"""Questo amore""";Italian;12;1978
349;4;Finland;17;Seija Simola;"""Anna rakkaudelle tilaisuus""";Finnish;18;1978
350;5;Portugal;14;Gemini;"""Dai li dou""";Portuguese;17;1978
351;6;France;22;Joël Prévost;"""Il y aura toujours des violons""";French;3;1978
352;7;Spain;18;José Vélez;"""Bailemos un vals""";Spanish[b];9;1978
353;8;United Kingdom;21;Co-Co;"""The Bad Old Days""";English;11;1978
354;9;Switzerland;23;Carole Vinci [de];"""Vivre""";French;9;1978
355;10;Belgium;23;Jean Vallée;"""L'amour ça fait chanter la vie""";French;2;1978
356;11;Netherlands;23;Harmony;"""'t Is OK""";Dutch;13;1978
357;12;Turkey;2;Nilüfer & Nazar;"""Sevince""";Turkish;18;1978
358;13;Germany;23;Ireen Sheer;"""Feuer""";German;6;1978
359;14;Monaco;20;Caline [fr] & Olivier Toussaint;"""Les jardins de Monaco""";French;4;1978
360;15;Greece;4;Tania Tsanaklidou;"""Charlie Chaplin"" (Τσάρλυ Τσάπλιν)";Greek;8;1978
361;16;Denmark;11;Mabel;"""Boom Boom""";Danish;16;1978
362;17;Luxembourg;22;Baccara;"""Parlez-vous français ?""";French;7;1978
363;18;Israel;6;Izhar Cohen & the Alphabeta;"""A-Ba-Ni-Bi"" (א-ב-ני-בי)";Hebrew;1;1978
364;19;Austria;17;Springtime;"""Mrs. Caroline Robinson""";German[c];15;1978
365;20;Sweden;18;Björn Skifs;"""Det blir alltid värre framåt natten""";Swedish;14;1978
366;1;Portugal;15;Manuela Bravo;"""Sobe, sobe, balão sobe""";Portuguese;9;1979
367;2;Italy;24;Matia Bazar;"""Raggio di luna""";Italian;15;1979
368;3;Denmark;12;Tommy Seebach;"""Disco Tango""";Danish;6;1979
369;4;Ireland;15;Cathal Dunne;"""Happy Man""";English;5;1979
370;5;Finland;18;Katri Helena;"""Katson sineen taivaan""";Finnish;14;1979
371;6;Monaco;21;Laurent Vaguener;"""Notre vie c'est la musique""";French;16;1979
372;7;Greece;5;Elpida;"""Sokrati"" (Σωκράτη)";Greek;8;1979
373;8;Switzerland;24;Peter, Sue and Marc & Pfuri, Gorps & Kniri;"""Trödler und Co.""";German;10;1979
374;9;Germany;24;Dschinghis Khan;"""Dschinghis Khan""";German;4;1979
375;10;Israel;7;Milk and Honey;"""Hallelujah"" (הללויה)";Hebrew;1;1979
376;11;France;23;Anne-Marie David;"""Je suis l'enfant soleil""";French;3;1979
377;12;Belgium;24;Micha Marah;"""Hey Nana""";Dutch;18 ◁;1979
378;13;Luxembourg;23;Jeane Manson;"""J'ai déjà vu ça dans tes yeux""";French;13;1979
379;14;Netherlands;24;Xandra;"""Colorado""";Dutch;12;1979
380;15;Sweden;19;Ted Gärdestad;"""Satellit""";Swedish;17;1979
381;16;Norway;19;Anita Skorgan;"""Oliver""";Norwegian;11;1979
382;17;United Kingdom;22;Black Lace;"""Mary Ann""";English;7;1979
383;18;Austria;18;Christina Simon;"""Heute in Jerusalem""";German;18 ◁;1979
384;19;Spain;19;Betty Missiego;"""Su canción""";Spanish;2;1979
385;1;Austria;19;Blue Danube;"""Du bist Musik""";German;8;1980
386;2;Turkey;3;Ajda Pekkan;"""Pet'r Oil""";Turkish;15;1980
387;3;Greece;6;Anna Vissi & the Epikouri;"""Autostop"" (Ωτοστόπ)";Greek;13;1980
388;4;Luxembourg;24;Sophie & Magaly;"""Papa pingouin""";French;9;1980
389;5;Morocco;1;Samira Bensaïd;"""Bitaqat Hub"" (بطاقة حب)";Arabic;18;1980
390;6;Italy;25;Alan Sorrenti;"""Non so che darei""";Italian;6;1980
391;7;Denmark;13;Bamses Venner;"""Tænker altid på dig""";Danish;14;1980
392;8;Sweden;20;Tomas Ledin;"""Just nu!""";Swedish;10;1980
393;9;Switzerland;25;Paola del Medico;"""Cinéma""";French;4;1980
394;10;Finland;19;Vesa-Matti Loiri;"""Huilumies""";Finnish;19 ◁;1980
395;11;Norway;20;Sverre Kjelsberg & Mattis Hætta;"""Sámiid ædnan""";Norwegian[n];16;1980
396;12;Germany;25;Katja Ebstein;"""Theater""";German;2;1980
397;13;United Kingdom;23;Prima Donna;"""Love Enough for Two""";English;3;1980
398;14;Portugal;16;José Cid;"""Um grande, grande amor""";Portuguese[b][c][e][g];7;1980
399;15;Netherlands;25;Maggie MacNeal;"""Amsterdam""";Dutch;5;1980
400;16;France;24;Profil;"""Hé, hé, m'sieurs dames""";French;11;1980
401;17;Ireland;16;Johnny Logan;"""What's Another Year""";English;1;1980
402;18;Spain;20;Trigo Limpio;"""Quédate esta noche""";Spanish;12;1980
403;19;Belgium;25;Telex;"""Euro-Vision""";French;17;1980
404;1;Austria;20;Marty Brem;"""Wenn du da bist""";German;17;1981
405;2;Turkey;4;Modern Folk Üçlüsü & Ayşegül;"""Dönme Dolap""";Turkish;18;1981
406;3;Germany;26;Lena Valaitis;"""Johnny Blue""";German;2;1981
407;4;Luxembourg;25;Jean-Claude Pascal;"""C'est peut-être pas l'Amérique""";French;11;1981
408;5;Israel;8;Hakol Over Habibi;"""Halayla"" (הלילה)";Hebrew;7;1981
409;6;Denmark;14;Tommy Seebach & Debbie Cameron;"""Krøller eller ej""";Danish;11;1981
410;7;Yugoslavia;17;Seid Memić Vajta;"""Lejla"" (Лејла)";Serbo-Croatian;15;1981
411;8;Finland;20;Riki Sorsa;"""Reggae OK""";Finnish;16;1981
412;9;France;25;Jean Gabilou;"""Humanahum""";French;3;1981
413;10;Spain;21;Bacchelli;"""Y sólo tú""";Spanish;14;1981
414;11;Netherlands;26;Linda Williams;"""Het is een wonder""";Dutch;9;1981
415;12;Ireland;17;Sheeba;"""Horoscopes""";English;5;1981
416;13;Norway;21;Finn Kalvik;"""Aldri i livet""";Norwegian;20 ◁;1981
417;14;United Kingdom;24;Bucks Fizz;"""Making Your Mind Up""";English;1;1981
418;15;Portugal;17;Carlos Paião;"""Playback""";Portuguese;18;1981
419;16;Belgium;26;Emly Starr;"""Samson""";Dutch;13;1981
420;17;Greece;7;Yiannis Dimitras;"""Feggari kalokerino"" (Φεγγάρι καλοκαιρινό)";Greek;8;1981
421;18;Cyprus;1;Island;"""Monika"" (Μόνικα)";Greek;6;1981
422;19;Switzerland;26;Peter, Sue and Marc;"""Io senza te""";Italian;4;1981
423;20;Sweden;21;Björn Skifs;"""Fångad i en dröm""";Swedish;10;1981
424;1;Portugal;18;Doce;"""Bem bom""";Portuguese;13;1982
425;2;Luxembourg;26;Svetlana;"""Cours après le temps""";French;6;1982
426;3;Norway;22;Jahn Teigen & Anita Skorgan;"""Adieu""";Norwegian;12;1982
427;4;United Kingdom;25;Bardo;"""One Step Further""";English;7;1982
428;5;Turkey;5;Neco [tr];"""Hani?""";Turkish;15;1982
429;6;Finland;21;Kojo;"""Nuku pommiin""";Finnish;18 ◁;1982
430;7;Switzerland;27;Arlette Zola;"""Amour on t'aime""";French;3;1982
431;8;Cyprus;2;Anna Vissi;"""Mono i agapi"" (Μόνο η αγάπη)";Greek;5;1982
432;9;Sweden;22;Chips;"""Dag efter dag""";Swedish;8;1982
433;10;Austria;21;Mess;"""Sonntag""";German;9;1982
434;11;Belgium;27;Stella;"""Si tu aimes ma musique""";French;4;1982
435;12;Spain;22;Lucía;"""Él""";Spanish;10;1982
436;13;Denmark;15;Brixx;"""Video-video""";Danish;17;1982
437;14;Yugoslavia;18;Aska;"""Halo, halo"" (Хало, хало)";Serbo-Croatian;14;1982
438;15;Israel;9;Avi Toledano;"""Hora"" (הורה)";Hebrew;2;1982
439;16;Netherlands;27;Bill van Dijk;"""Jij en ik""";Dutch;16;1982
440;17;Ireland;18;The Duskeys;"""Here Today, Gone Tomorrow""";English;11;1982
441;18;Germany;27;Nicole;"""Ein bißchen Frieden""";German;1;1982
442;1;France;26;Guy Bonnet;"""Vivre""";French;8;1983
443;2;Norway;23;Jahn Teigen;"""Do re mi""";Norwegian;9;1983
444;3;United Kingdom;26;Sweet Dreams;"""I'm Never Giving Up""";English;6;1983
445;4;Sweden;23;Carola;"""Främling""";Swedish;3;1983
446;5;Italy;26;Riccardo Fogli;"""Per Lucia""";Italian;11;1983
447;6;Turkey;6;Çetin Alp & The Short Waves;"""Opera""";Turkish;19 ◁;1983
448;7;Spain;23;Remedios Amaya;"""¿Quién maneja mi barca?""";Spanish;19 ◁;1983
449;8;Switzerland;28;Mariella Farré;"""Io così non ci sto""";Italian;15;1983
450;9;Finland;22;Ami Aspelund;"""Fantasiaa""";Finnish;11;1983
451;10;Greece;8;Christie Stassinopoulou;"""Mou les"" (Μου λες)";Greek;14;1983
452;11;Netherlands;28;Bernadette;"""Sing Me a Song""";Dutch[c];7;1983
453;12;Yugoslavia;19;Daniel;"""Džuli"" (Џули)";Serbo-Croatian;4;1983
454;13;Cyprus;3;Stavros [de] & Constantina [el];"""I agapi akoma zi"" (Η αγάπη ακόμα ζει)";Greek;16;1983
455;14;Germany;28;Hoffmann & Hoffmann;"""Rücksicht""";German;5;1983
456;15;Denmark;16;Gry Johansen;"""Kloden drejer""";Danish;17;1983
457;16;Israel;10;Ofra Haza;"""Hi"" (חי)";Hebrew;2;1983
458;17;Portugal;19;Armando Gama;"""Esta balada que te dou""";Portuguese;13;1983
459;18;Austria;22;Westend;"""Hurricane""";German;9;1983
460;19;Belgium;28;Pas de Deux;"""Rendez-vous""";Dutch;18;1983
461;20;Luxembourg;27;Corinne Hermès;"""Si la vie est cadeau""";French;1;1983
462;1;Sweden;24;Herreys;"""Diggi-Loo Diggi-Ley""";Swedish;1;1984
463;2;Luxembourg;28;Sophie Carle;"""100% d'amour""";French;10;1984
464;3;France;27;Annick Thoumazeau;"""Autant d'amoureux que d'étoiles""";French;8;1984
465;4;Spain;24;Bravo;"""Lady, Lady""";Spanish[c];3;1984
466;5;Norway;24;Dollie de Luxe;"""Lenge leve livet""";Norwegian;17;1984
467;6;United Kingdom;27;Belle and the Devotions;"""Love Games""";English;7;1984
468;7;Cyprus;4;Andy Paul;"""Anna Maria Lena"" (Άννα Μαρία Λένα)";Greek;15;1984
469;8;Belgium;29;Jacques Zegers;"""Avanti la vie""";French[e];5;1984
470;9;Ireland;19;Linda Martin;"""Terminal 3""";English;2;1984
471;10;Denmark;17;Hot Eyes;"""Det' lige det""";Danish;4;1984
472;11;Netherlands;29;Maribelle;"""Ik hou van jou""";Dutch;13;1984
473;12;Yugoslavia;20;Izolda & Vlado;"""Ciao, amore""";Serbo-Croatian;18;1984
474;13;Austria;23;Anita;"""Einfach weg""";German;19 ◁;1984
475;14;Germany;29;Mary Roos;"""Aufrecht geh'n""";German;13;1984
476;15;Turkey;7;Beş Yıl Önce, On Yıl Sonra;"""Halay""";Turkish;12;1984
477;16;Finland;23;Kirka;"""Hengaillaan""";Finnish;9;1984
478;17;Switzerland;29;Rainy Day [fr];"""Welche Farbe hat der Sonnenschein?""";German;16;1984
479;18;Italy;27;Alice & Franco Battiato;"""I treni di Tozeur""";Italian[g];5;1984
480;19;Portugal;20;Maria Guinot;"""Silêncio e tanta gente""";Portuguese;11;1984
481;1;Ireland;20;Maria Christian;"""Wait Until the Weekend Comes""";English;6;1985
482;2;Finland;24;Sonja Lumme;"""Eläköön elämä""";Finnish;9;1985
483;3;Cyprus;5;Lia Vissi;"""To katalava arga"" (Το κατάλαβα αργά)";Greek;16;1985
484;4;Denmark;18;Hot Eyes;"""Sku' du spørg' fra no'en?""";Danish;11;1985
485;5;Spain;25;Paloma San Basilio;"""La fiesta terminó""";Spanish;14;1985
486;6;France;28;Roger Bens;"""Femme dans ses rêves aussi""";French;10;1985
487;7;Turkey;8;MFÖ;"""Didai Didai Dai""";Turkish;14;1985
488;8;Belgium;30;Linda Lepomme;"""Laat me nu gaan""";Dutch;19 ◁;1985
489;9;Portugal;21;Adelaide;"""Penso em ti, eu sei""";Portuguese;18;1985
490;10;Germany;30;Wind;"""Für alle""";German;2;1985
491;11;Israel;11;Izhar Cohen;"""Olé, Olé"" (עולה, עולה)";Hebrew;5;1985
492;12;Italy;28;Al Bano & Romina Power;"""Magic Oh Magic""";Italian;7;1985
493;13;Norway;25;Bobbysocks!;"""La det swinge""";Norwegian;1;1985
494;14;United Kingdom;28;Vikki;"""Love Is…""";English;4;1985
495;15;Switzerland;30;Mariella Farré & Pino Gasparini [de];"""Piano, piano""";German;12;1985
496;16;Sweden;25;Kikki Danielsson;"""Bra vibrationer""";Swedish;3;1985
497;17;Austria;24;Gary Lux;"""Kinder dieser Welt""";German;8;1985
498;18;Luxembourg;29;Margo [nl], Franck Olivier, Diane Solomon, Ireen Sheer, Chris & Malcolm Roberts;"""Children, Kinder, enfants""";French;13;1985
499;19;Greece;9;Takis Biniaris;"""Miazoume"" (Μοιάζουμε)";Greek;16;1985
500;1;Luxembourg;30;Sherisse Laurence;"""L'amour de ma vie""";French;3;1986
501;2;Yugoslavia;21;Doris Dragović;"""Željo moja"" (Жељо моја)";Serbo-Croatian;11;1986
502;3;France;29;Cocktail Chic;"""Européennes""";French;17;1986
503;4;Norway;26;Ketil Stokkan;"""Romeo""";Norwegian;12;1986
504;5;United Kingdom;29;Ryder;"""Runner in the Night""";English;7;1986
505;6;Iceland;1;ICY;"""Gleðibankinn""";Icelandic;16;1986
506;7;Netherlands;30;Frizzle Sizzle;"""Alles heeft ritme""";Dutch;13;1986
507;8;Turkey;9;Klips ve Onlar;"""Halley""";Turkish[b][c][e];9;1986
508;9;Spain;26;Cadillac;"""Valentino""";Spanish;10;1986
509;10;Switzerland;31;Daniela Simmons;"""Pas pour moi""";French;2;1986
510;11;Israel;12;Moti Giladi & Sarai Tzuriel [he];"""Yavo Yom"" (יבוא יום)";Hebrew;19;1986
511;12;Ireland;21;Luv Bug;"""You Can Count on Me""";English;4;1986
512;13;Belgium;31;Sandra Kim;"""J'aime la vie""";French;1;1986
513;14;Germany;31;Ingrid Peters;"""Über die Brücke geh'n""";German;8;1986
514;15;Cyprus;6;Elpida;"""Tora zo"" (Τώρα ζω)";Greek;20 ◁;1986
515;16;Austria;25;Timna Brauer;"""Die Zeit ist einsam""";German;18;1986
516;17;Sweden;26;Lasse Holm & Monica Törnell;"""E' de' det här du kallar kärlek?""";Swedish;5;1986
517;18;Denmark;19;Lise Haavik;"""Du er fuld af løgn""";Danish;6;1986
518;19;Finland;25;Kari;"""Never the End""";Finnish;15;1986
519;20;Portugal;22;Dora;"""Não sejas mau para mim""";Portuguese;14;1986
520;1;Norway;27;Kate Gulbrandsen;"""Mitt liv""";Norwegian;9;1987
521;2;Israel;13;Datner [he] & Kushnir;"""Shir Habatlanim"" (שיר הבטלנים)";Hebrew;8;1987
522;3;Austria;26;Gary Lux;"""Nur noch Gefühl""";German;20;1987
523;4;Iceland;2;Halla Margrét;"""Hægt og hljótt""";Icelandic;16;1987
524;5;Belgium;32;Liliane Saint-Pierre;"""Soldiers of Love""";Dutch[c];11;1987
525;6;Sweden;27;Lotta Engberg;"""Boogaloo""";Swedish;12;1987
526;7;Italy;29;Umberto Tozzi & Raf;"""Gente di mare""";Italian;3;1987
527;8;Portugal;23;Nevada;"""Neste barco à vela""";Portuguese;18;1987
528;9;Spain;27;Patricia Kraus;"""No estás solo""";Spanish;19;1987
529;10;Turkey;10;Seyyal Taner & Lokomotif;"""Şarkım Sevgi Üstüne""";Turkish;22 ◁;1987
530;11;Greece;10;Bang;"""Stop"" (Στοπ)";Greek;10;1987
531;12;Netherlands;31;Marcha;"""Rechtop in de wind""";Dutch;5;1987
532;13;Luxembourg;31;Plastic Bertrand;"""Amour, amour""";French;21;1987
533;14;United Kingdom;30;Rikki;"""Only the Light""";English;13;1987
534;15;France;30;Christine Minier;"""Les mots d'amour n'ont pas de dimanche""";French;14;1987
535;16;Germany;32;Wind;"""Lass die Sonne in dein Herz""";German;2;1987
536;17;Cyprus;7;Alexia [el];"""Aspro mavro"" (Άσπρο μαύρο)";Greek;7;1987
537;18;Finland;26;Vicky Rosti;"""Sata salamaa""";Finnish;15;1987
538;19;Denmark;20;Anne-Cathrine Herdorf & Bandjo [da];"""En lille melodi""";Danish;5;1987
539;20;Ireland;22;Johnny Logan;"""Hold Me Now""";English;1;1987
540;21;Yugoslavia;22;Novi fosili;"""Ja sam za ples"" (Ја сам за плес)";Serbo-Croatian[c];4;1987
541;22;Switzerland;32;Carol Rich;"""Moitié, moitié""";French;17;1987
542;1;Iceland;3;Beathoven [is];"""Þú og þeir (Sókrates)""";Icelandic;16;1988
543;2;Sweden;28;Tommy Körberg;"""Stad i ljus""";Swedish;12;1988
544;3;Finland;27;Boulevard;"""Nauravat silmät muistetaan""";Finnish;20;1988
545;4;United Kingdom;31;Scott Fitzgerald;"""Go""";English;2;1988
546;5;Turkey;11;MFÖ;"""Sufi""";Turkish;15;1988
547;6;Spain;28;La Década;"""La chica que yo quiero (Made in Spain)""";Spanish;11;1988
548;7;Netherlands;32;Gerard Joling;"""Shangri-La""";Dutch;9;1988
549;8;Israel;14;Yardena Arazi;"""Ben Adam"" (בן אדם)";Hebrew;7;1988
550;9;Switzerland;33;Céline Dion;"""Ne partez pas sans moi""";French;1;1988
551;10;Ireland;23;Jump the Gun;"""Take Him Home""";English;8;1988
552;11;Germany;33;Maxi & Chris Garden [de];"""Lied für einen Freund""";German;14;1988
553;12;Austria;27;Wilfried;"""Lisa Mona Lisa""";German;21 ◁;1988
554;13;Denmark;21;Kirsten & Søren;"""Ka' du se hva' jeg sa'?""";Danish;3;1988
555;14;Greece;11;Afrodite Fryda;"""Kloun"" (Κλόουν)";Greek;17;1988
556;15;Norway;28;Karoline Krüger;"""For vår jord""";Norwegian;5;1988
557;16;Belgium;33;Reynaert;"""Laissez briller le soleil""";French;18;1988
558;17;Luxembourg;32;Lara Fabian;"""Croire""";French;4;1988
559;18;Italy;30;Luca Barbarossa;"""Vivo (Ti scrivo)""";Italian;12;1988
560;19;France;31;Gérard Lenorman;"""Chanteur de charme""";French;10;1988
561;20;Portugal;24;Dora;"""Voltarei""";Portuguese;18;1988
562;21;Yugoslavia;23;Srebrna krila;"""Mangup"" (Мангуп)";Serbo-Croatian;6;1988
563;1;Italy;31;Anna Oxa & Fausto Leali;"""Avrei voluto""";Italian;9;1989
564;2;Israel;15;Gili & Galit [he];"""Derekh Hamelekh"" (דרך המלך)";Hebrew;12;1989
565;3;Ireland;24;Kiev Connolly & The Missing Passengers [de];"""The Real Me""";English;18;1989
566;4;Netherlands;33;Justine Pelmelay;"""Blijf zoals je bent""";Dutch;15;1989
567;5;Turkey;12;Pan;"""Bana Bana""";Turkish;21;1989
568;6;Belgium;34;Ingeborg;"""Door de wind""";Dutch;19;1989
569;7;United Kingdom;32;Live Report;"""Why Do I Always Get It Wrong""";English;2;1989
570;8;Norway;29;Britt Synnøve Johansen;"""Venners nærhet""";Norwegian;17;1989
571;9;Portugal;25;Da Vinci;"""Conquistador""";Portuguese;16;1989
572;10;Sweden;29;Tommy Nilsson;"""En dag""";Swedish;4;1989
573;11;Luxembourg;33;Park Café;"""Monsieur""";French;20;1989
574;12;Denmark;22;Birthe Kjær;"""Vi maler byen rød""";Danish;3;1989
575;13;Austria;28;Thomas Forstner;"""Nur ein Lied""";German;5;1989
576;14;Finland;28;Anneli Saaristo;"""La dolce vita""";Finnish;7;1989
577;15;France;32;Nathalie Pâque;"""J'ai volé la vie""";French;8;1989
578;16;Spain;29;Nina;"""Nacida para amar""";Spanish;6;1989
579;17;Cyprus;8;Fani Polymeri [el] & Yiannis Savvidakis [el];"""Apopse as vrethume"" (Απόψε ας βρεθούμε)";Greek;11;1989
580;18;Switzerland;34;Furbaz;"""Viver senza tei""";Romansh;13;1989
581;19;Greece;12;Marianna Efstratiou;"""To diko sou asteri"" (Το δικό σου αστέρι)";Greek;9;1989
582;20;Iceland;4;Daníel Ágúst Haraldsson;"""Það sem enginn sér""";Icelandic;22 ◁;1989
583;21;Germany;34;Nino de Angelo;"""Flieger""";German;14;1989
584;22;Yugoslavia;24;Riva;"""Rock Me""";Serbo-Croatian[c];1;1989
585;1;Spain;30;Azúcar Moreno;"""Bandido""";Spanish;5;1990
586;2;Greece;13;Christos Callow & Wave;"""Horis skopo"" (Χωρίς σκοπό)";Greek;19;1990
587;3;Belgium;35;Philippe Lafontaine;"""Macédomienne""";French;12;1990
588;4;Turkey;13;Kayahan;"""Gözlerinin Hapsindeyim""";Turkish;17;1990
589;5;Netherlands;34;Maywood;"""Ik wil alles met je delen""";Dutch;15;1990
590;6;Luxembourg;34;Céline Carzo;"""Quand je te rêve""";French;13;1990
591;7;United Kingdom;33;Emma;"""Give a Little Love Back to the World""";English;6;1990
592;8;Iceland;5;Stjórnin;"""Eitt lag enn""";Icelandic;4;1990
593;9;Norway;30;Ketil Stokkan;"""Brandenburger Tor""";Norwegian;21 ◁;1990
594;10;Israel;16;Rita;"""Shara Barkhovot"" (שרה ברחובות)";Hebrew;18;1990
595;11;Denmark;23;Lonnie Devantier;"""Hallo hallo""";Danish;8;1990
596;12;Switzerland;35;Egon Egemann;"""Musik klingt in die Welt hinaus""";German;11;1990
597;13;Germany;35;Chris Kempers & Daniel Kovac;"""Frei zu leben""";German;9;1990
598;14;France;33;Joëlle Ursull;"""White and Black Blues""";French;2;1990
599;15;Yugoslavia;25;Tajči;"""Hajde da ludujemo"" (Хајде да лудујемо)";Serbo-Croatian;7;1990
600;16;Portugal;26;Nucha;"""Há sempre alguém""";Portuguese;20;1990
601;17;Ireland;25;Liam Reilly;"""Somewhere in Europe""";English;2;1990
602;18;Sweden;30;Edin-Ådahl;"""Som en vind""";Swedish;16;1990
603;19;Italy;32;Toto Cutugno;"""Insieme: 1992""";Italian;1;1990
604;20;Austria;29;Simone;"""Keine Mauern mehr""";German[b][c][j];10;1990
605;21;Cyprus;9;Haris Anastasiou;"""Milas poli"" (Μιλάς πολύ)";Greek;14;1990
606;22;Finland;29;Beat;"""Fri?""";Swedish;21 ◁;1990
607;1;Yugoslavia;26;Baby Doll;"""Brazil"" (Бразил)";Serbo-Croatian;21;1991
608;2;Iceland;6;Stefán & Eyfi [is];"""Draumur um Nínu (Nína)""";Icelandic;15;1991
609;3;Malta;4;Georgina & Paul Giordimaina [de];"""Could It Be""";English;6;1991
610;4;Greece;14;Sophia Vossou;"""I anixi"" (Η άνοιξη)";Greek;13;1991
611;5;Switzerland;36;Sandra Simó;"""Canzone per te""";Italian;5;1991
612;6;Austria;30;Thomas Forstner;"""Venedig im Regen""";German;22 ◁;1991
613;7;Luxembourg;35;Sarah Bray [fr];"""Un baiser volé""";French;14;1991
614;8;Sweden;31;Carola;"""Fångad av en stormvind""";Swedish;1;1991
615;9;France;34;Amina;"""C'est le dernier qui a parlé qui a raison""";French;2;1991
616;10;Turkey;14;Can Uğurluer, İzel Çeliköz & Reyhan Karaca;"""İki Dakika""";Turkish;12;1991
617;11;Ireland;26;Kim Jackson;"""Could It Be That I'm in Love""";English;10;1991
618;12;Portugal;27;Dulce Pontes;"""Lusitana paixão""";Portuguese;8;1991
619;13;Denmark;24;Anders Frandsen;"""Lige der hvor hjertet slår""";Danish;19;1991
620;14;Norway;31;Just 4 Fun;"""Mrs. Thompson""";Norwegian;17;1991
621;15;Israel;17;Duo Datz;"""Kan"" (כאן)";Hebrew;3;1991
622;16;Finland;30;Kaija;"""Hullu yö""";Finnish;20;1991
623;17;Germany;36;Atlantis 2000;"""Dieser Traum darf niemals sterben""";German;18;1991
624;18;Belgium;36;Clouseau;"""Geef het op""";Dutch;16;1991
625;19;Spain;31;Sergio Dalma;"""Bailar pegados""";Spanish;4;1991
626;20;United Kingdom;34;Samantha Janus;"""A Message to Your Heart""";English;10;1991
627;21;Cyprus;10;Elena Patroklou;"""S.O.S.""";Greek;9;1991
628;22;Italy;33;Peppino di Capri;"""Comme è ddoce 'o mare""";Neapolitan;7;1991
629;1;Spain;32;Serafín Zubiri;"""Todo esto es la música""";Spanish;14;1992
630;2;Belgium;37;Morgane;"""Nous, on veut des violons""";French;20;1992
631;3;Israel;18;Dafna Dekel;"""Ze Rak Sport"" (זה רק ספורט)";Hebrew;6;1992
632;4;Turkey;15;Aylin Vatankoş;"""Yaz Bitti""";Turkish;19;1992
633;5;Greece;15;Cleopatra;"""Olou tou kosmou i Elpida"" (Όλου του κόσμου η Ελπίδα)";Greek;5;1992
634;6;France;35;Kali;"""Monté la riviè""";French, Antillean Creole;8;1992
635;7;Sweden;32;Christer Björkman;"""I morgon är en annan dag""";Swedish;22;1992
636;8;Portugal;28;Dina;"""Amor d'água fresca""";Portuguese;17;1992
637;9;Cyprus;11;Evridiki;"""Teriazoume"" (Ταιριάζουμε)";Greek;11;1992
638;10;Malta;5;Mary Spiteri;"""Little Child""";English;3;1992
639;11;Iceland;7;Heart 2 Heart;"""Nei eða já""";Icelandic;7;1992
640;12;Finland;31;Pave;"""Yamma, yamma""";Finnish;23 ◁;1992
641;13;Switzerland;37;Daisy Auvray [de];"""Mister Music Man""";French;15;1992
642;14;Luxembourg;36;Marion Welter & Kontinent;"""Sou fräi""";Luxembourgish;21;1992
643;15;Austria;31;Tony Wegas;"""Zusammen geh'n""";German;10;1992
644;16;United Kingdom;35;Michael Ball;"""One Step Out of Time""";English;2;1992
645;17;Ireland;27;Linda Martin;"""Why Me?""";English;1;1992
646;18;Denmark;25;Lotte Nilsson [da] & Kenny Lübcke [da];"""Alt det som ingen ser""";Danish;12;1992
647;19;Italy;34;Mia Martini;"""Rapsodia""";Italian;4;1992
648;20;Yugoslavia;27;Extra Nena [sr];"""Ljubim te pesmama"" (Љубим те песмама)";Serbian;13;1992
649;21;Norway;32;Merethe Trøan;"""Visjoner""";Norwegian;18;1992
650;22;Germany;37;Wind;"""Träume sind für alle da""";German;16;1992
651;23;Netherlands;35;Humphrey Campbell;"""Wijs me de weg""";Dutch;9;1992
652;1;Italy;35;Enrico Ruggeri;"""Sole d'Europa""";Italian;12;1993
653;2;Turkey;16;Burak Aydos [tr];"""Esmer Yarim""";Turkish;21;1993
654;3;Germany;38;Münchener Freiheit;"""Viel zu weit""";German;18;1993
655;4;Switzerland;38;Annie Cotton;"""Moi, tout simplement""";French;3;1993
656;5;Denmark;26;Tommy Seebach Band;"""Under stjernerne på himlen""";Danish;22;1993
657;6;Greece;16;Katerina Garbi;"""Ellada, hora tou fotos"" (Ελλάδα, χώρα του φωτός)";Greek;9;1993
658;7;Belgium;38;Barbara Dex;"""Iemand als jij""";Dutch;25 ◁;1993
659;8;Malta;6;William Mangion;"""This Time""";English;8;1993
660;9;Iceland;8;Inga [is];"""Þá veistu svarið""";Icelandic;13;1993
661;10;Austria;32;Tony Wegas;"""Maria Magdalena""";German;14;1993
662;11;Portugal;29;Anabela;"""A cidade (até ser dia)""";Portuguese;10;1993
663;12;France;36;Patrick Fiori;"""Mama Corsica""";French, Corsican;4;1993
664;13;Sweden;33;Arvingarna;"""Eloise""";Swedish;7;1993
665;14;Ireland;28;Niamh Kavanagh;"""In Your Eyes""";English;1;1993
666;15;Luxembourg;37;Modern Times;"""Donne-moi une chance""";French, Luxembourgish;20;1993
667;16;Slovenia;1;1X Band;"""Tih deževen dan""";Slovene;22;1993
668;17;Finland;32;Katri Helena;"""Tule luo""";Finnish;17;1993
669;18;Bosnia and Herzegovina;1;Fazla;"""Sva bol svijeta""";Bosnian;16;1993
670;19;United Kingdom;36;Sonia;"""Better the Devil You Know""";English;2;1993
671;20;Netherlands;36;Ruth Jacott;"""Vrede""";Dutch;6;1993
672;21;Croatia;1;Put;"""Don't Ever Cry""";Croatian, English;15;1993
673;22;Spain;33;Eva Santamaría;"""Hombres""";Spanish;11;1993
674;23;Cyprus;12;Zymboulakis & Van Beke [de];"""Mi stamatas"" (Μη σταματάς)";Greek;19;1993
675;24;Israel;19;Lahakat Shiru;"""Shiru"" (שירו)";Hebrew, English;24;1993
676;25;Norway;33;Silje Vige;"""Alle mine tankar""";Norwegian;5;1993
677;1;Sweden;34;Marie Bergman & Roger Pontare;"""Stjärnorna""";Swedish;13;1994
678;2;Finland;33;CatCat;"""Bye Bye Baby""";Finnish;22;1994
679;3;Ireland;29;Paul Harrington & Charlie McGettigan;"""Rock 'n' Roll Kids""";English;1;1994
680;4;Cyprus;13;Evridiki;"""Eimai anthropos ki ego"" (Είμαι άνθρωπος κι εγώ)";Greek;11;1994
681;5;Iceland;9;Sigga;"""Nætur""";Icelandic;12;1994
682;6;United Kingdom;37;Frances Ruffelle;"""We Will Be Free (Lonely Symphony)""";English;10;1994
683;7;Croatia;2;Tony Cetinski;"""Nek' ti bude ljubav sva""";Croatian;16;1994
684;8;Portugal;30;Sara Tavares;"""Chamar a música""";Portuguese;8;1994
685;9;Switzerland;39;Duilio;"""Sto pregando""";Italian;19;1994
686;10;Estonia;1;Silvi Vrait;"""Nagu merelaine""";Estonian;24;1994
687;11;Romania;1;Dan Bittman;"""Dincolo de nori""";Romanian;21;1994
688;12;Malta;7;Chris and Moira;"""More Than Love""";English;5;1994
689;13;Netherlands;37;Willeke Alberti;"""Waar is de zon""";Dutch;23;1994
690;14;Germany;39;MeKaDo;"""Wir geben 'ne Party""";German[c];3;1994
691;15;Slovakia;1;Martin Ďurinda & Tublatanka;"""Nekonečná pieseň""";Slovak;19;1994
692;16;Lithuania;1;Ovidijus Vyšniauskas;"""Lopšinė mylimai""";Lithuanian;25 ◁;1994
693;17;Norway;34;Elisabeth Andreassen & Jan Werner Danielsen;"""Duett""";Norwegian;6;1994
694;18;Bosnia and Herzegovina;2;Alma & Dejan;"""Ostani kraj mene""";Bosnian;15;1994
695;19;Greece;17;Kostas Bigalis & The Sea Lovers;"""To trehandiri"" (Το τρεχαντήρι)";Greek;14;1994
696;20;Austria;33;Petra Frey;"""Für den Frieden der Welt""";German;17;1994
697;21;Spain;34;Alejandro Abad;"""Ella no es ella""";Spanish;18;1994
698;22;Hungary;1;Friderika Bayer;"""Kinek mondjam el vétkeimet?""";Hungarian;4;1994
699;23;Russia;1;Youddiph;"""Vechnyy strannik"" (Вечный странник)";Russian;9;1994
700;24;Poland;1;Edyta Górniak;"""To nie ja!""";Polish;2;1994
701;25;France;37;Nina Morato;"""Je suis un vrai garçon""";French;7;1994
702;1;Poland;2;Justyna;"""Sama""";Polish;18;1995
703;2;Ireland;30;Eddie Friel;"""Dreamin'""";English;14;1995
704;3;Germany;40;Stone & Stone;"""Verliebt in Dich""";German;23 ◁;1995
705;4;Bosnia and Herzegovina;3;Davor Popović;"""Dvadeset prvi vijek""";Bosnian;19;1995
706;5;Norway;35;Secret Garden;"""Nocturne""";Norwegian;1;1995
707;6;Russia;2;Philipp Kirkorov;"""Kolybel'naya dlya vulkana"" (Колыбельная для вулкана)";Russian;17;1995
708;7;Iceland;10;Bo Halldórsson;"""Núna""";Icelandic;15;1995
709;8;Austria;34;Stella Jones [de];"""Die Welt dreht sich verkehrt""";German;13;1995
710;9;Spain;35;Anabel Conde;"""Vuelve conmigo""";Spanish;2;1995
711;10;Turkey;17;Arzu Ece;"""Sev""";Turkish;16;1995
712;11;Croatia;3;Magazin & Lidija;"""Nostalgija""";Croatian;6;1995
713;12;France;38;Nathalie Santamaria;"""Il me donne rendez-vous""";French;4;1995
714;13;Hungary;2;Csaba Szigeti [hu];"""Új név a régi ház falán""";Hungarian;22;1995
715;14;Belgium;39;Frédéric Etherlinck;"""La voix est libre""";French;20;1995
716;15;United Kingdom;38;Love City Groove;"""Love City Groove""";English;10;1995
717;16;Portugal;31;Tó Cruz;"""Baunilha e chocolate""";Portuguese;21;1995
718;17;Cyprus;14;Alexandros Panayi;"""Sti fotia"" (Στη φωτιά)";Greek;9;1995
719;18;Sweden;35;Jan Johansen;"""Se på mig""";Swedish;3;1995
720;19;Denmark;27;Aud Wilken;"""Fra Mols til Skagen""";Danish;5;1995
721;20;Slovenia;2;Darja Švajger;"""Prisluhni mi""";Slovene;7;1995
722;21;Israel;20;Liora [he];"""Amen"" (אמן)";Hebrew;8;1995
723;22;Malta;8;Mike Spiteri [de];"""Keep Me in Mind""";English;10;1995
724;23;Greece;18;Elina Konstantopoulou;"""Pia prosefhi"" (Ποια προσευχή)";Greek[o];12;1995
725;1;Turkey;18;Şebnem Paker;"""Beşinci Mevsim""";Turkish;12;1996
726;2;United Kingdom;39;Gina G;"""Ooh Aah... Just a Little Bit""";English;8;1996
727;3;Spain;36;Antonio Carbonell;"""¡Ay, qué deseo!""";Spanish;20;1996
728;4;Portugal;32;Lúcia Moniz;"""O meu coração não tem cor""";Portuguese;6;1996
729;5;Cyprus;15;Constantinos Christoforou;"""Mono yia mas"" (Μόνο για μας)";Greek;9;1996
730;6;Malta;9;Miriam Christine;"""In a Woman's Heart""";English;10;1996
731;7;Croatia;4;Maja Blagdan;"""Sveta ljubav""";Croatian;4;1996
732;8;Austria;35;George Nussbaumer [de];"""Weil's dr guat got""";Vorarlbergish;10;1996
733;9;Switzerland;40;Kathy Leander;"""Mon cœur l'aime""";French;16;1996
734;10;Greece;19;Marianna Efstratiou;"""Emis forame to himona anixiatika"" (Εμείς φοράμε το χειμώνα ανοιξιάτικα)";Greek;14;1996
735;11;Estonia;2;Maarja-Liis Ilus & Ivo Linna;"""Kaelakee hääl""";Estonian;5;1996
736;12;Norway;36;Elisabeth Andreassen;"""I evighet""";Norwegian;2;1996
737;13;France;39;Dan Ar Braz & L'Héritage des Celtes;"""Diwanit bugale""";Breton;19;1996
738;14;Slovenia;3;Regina;"""Dan najlepših sanj""";Slovene;21;1996
739;15;Netherlands;38;Maxine & Franklin Brown;"""De eerste keer""";Dutch;7;1996
740;16;Belgium;40;Lisa del Bo;"""Liefde is een kaartspel""";Dutch;16;1996
741;17;Ireland;31;Eimear Quinn;"""The Voice""";English;1;1996
742;18;Finland;34;Jasmine;"""Niin kaunis on taivas""";Finnish;23 ◁;1996
743;19;Iceland;11;Anna Mjöll;"""Sjúbídú""";Icelandic;13;1996
744;20;Poland;3;Kasia Kowalska;"""Chcę znać swój grzech...""";Polish;15;1996
745;21;Bosnia and Herzegovina;4;Amila Glamočak;"""Za našu ljubav""";Bosnian;22;1996
746;22;Slovakia;2;Marcel Palonder;"""Kým nás máš""";Slovak;18;1996
747;23;Sweden;36;One More Time;"""Den vilda""";Swedish;3;1996
748;1;Cyprus;16;Hara & Andreas Konstantinou;"""Mana mou"" (Μάνα μου)";Greek;5;1997
749;2;Turkey;19;Şebnem Paker & Grup Etnic;"""Dinle""";Turkish;3;1997
750;3;Norway;37;Tor Endresen;"""San Francisco""";Norwegian[c];24 ◁;1997
751;4;Austria;36;Bettina Soriat;"""One Step""";German[c];21;1997
752;5;Ireland;32;Marc Roberts;"""Mysterious Woman""";English;2;1997
753;6;Slovenia;4;Tanja Ribič;"""Zbudi se""";Slovene;10;1997
754;7;Switzerland;41;Barbara Berta [fr];"""Dentro di me""";Italian;22;1997
755;8;Netherlands;39;Mrs. Einstein;"""Niemand heeft nog tijd""";Dutch;22;1997
756;9;Italy;36;Jalisse;"""Fiumi di parole""";Italian;4;1997
757;10;Spain;37;Marcos Llunas;"""Sin rencor""";Spanish;6;1997
758;11;Germany;41;Bianca Shomburg;"""Zeit""";German;18;1997
759;12;Poland;4;Anna Maria Jopek;"""Ale jestem""";Polish;11;1997
760;13;Estonia;3;Maarja-Liis Ilus;"""Keelatud maa""";Estonian;8;1997
761;14;Bosnia and Herzegovina;5;Alma Čardžić;"""Goodbye""";Bosnian;18;1997
762;15;Portugal;33;Célia Lawson [pt];"""Antes do adeus""";Portuguese;24 ◁;1997
763;16;Sweden;37;Blond;"""Bara hon älskar mig""";Swedish;14;1997
764;17;Greece;20;Marianna Zorba;"""Horepse"" (Χόρεψε)";Greek;12;1997
765;18;Malta;10;Debbie Scerri;"""Let Me Fly""";English;9;1997
766;19;Hungary;3;V.I.P.;"""Miért kell, hogy elmenj?""";Hungarian;12;1997
767;20;Russia;3;Alla Pugacheva;"""Primadonna"" (Примадонна)";Russian;15;1997
768;21;Denmark;28;Kølig Kaj;"""Stemmen i mit liv""";Danish;16;1997
769;22;France;40;Fanny;"""Sentiments songes""";French;7;1997
770;23;Croatia;5;E.N.I.;"""Probudi me""";Croatian;17;1997
771;24;United Kingdom;40;Katrina and the Waves;"""Love Shine a Light""";English;1;1997
772;25;Iceland;12;Paul Oscar;"""Minn hinsti dans""";Icelandic;20;1997
773;1;Croatia;6;Danijela;"""Neka mi ne svane""";Croatian;5;1998
774;2;Greece;21;Thalassa;"""Mia krifi evesthisia"" (Μια κρυφή ευαισθησία)";Greek;20;1998
775;3;France;41;Marie Line;"""Où aller""";French;24;1998
776;4;Spain;38;Mikel Herzog;"""¿Qué voy a hacer sin ti?""";Spanish;16;1998
777;5;Switzerland;42;Gunvor;"""Lass ihn""";German;25 ◁;1998
778;6;Slovakia;3;Katarína Hasprová;"""Modlitba""";Slovak;21;1998
779;7;Poland;5;Sixteen;"""To takie proste""";Polish;17;1998
780;8;Israel;21;Dana International;"""Diva"" (דיווה)";Hebrew;1;1998
781;9;Germany;42;Guildo Horn;"""Guildo hat euch lieb!""";German;7;1998
782;10;Malta;11;Chiara;"""The One That I Love""";English;3;1998
783;11;Hungary;4;Charlie;"""A holnap már nem lesz szomorú""";Hungarian;23;1998
784;12;Slovenia;5;Vili Resnik;"""Naj bogovi slišijo""";Slovene;18;1998
785;13;Ireland;33;Dawn Martin;"""Is Always Over Now?""";English;9;1998
786;14;Portugal;34;Alma Lusa;"""Se eu te pudesse abraçar""";Portuguese;12;1998
787;15;Romania;2;Mălina Olinescu;"""Eu cred""";Romanian;22;1998
788;16;United Kingdom;41;Imaani;"""Where Are You?""";English;2;1998
789;17;Cyprus;17;Michael Hajiyanni;"""Genesis"" (Γένεσις)";Greek;11;1998
790;18;Netherlands;40;Edsilia Rombley;"""Hemel en aarde""";Dutch;4;1998
791;19;Sweden;38;Jill Johnson;"""Kärleken är""";Swedish;10;1998
792;20;Belgium;41;Mélanie Cohl;"""Dis oui""";French;6;1998
793;21;Finland;35;Edea;"""Aava""";Finnish;15;1998
794;22;Norway;38;Lars A. Fredriksen;"""Alltid sommer""";Norwegian;8;1998
795;23;Estonia;4;Koit Toome;"""Mere lapsed""";Estonian;12;1998
796;24;Turkey;20;Tüzmen;"""Unutamazsın""";Turkish;14;1998
797;25;Macedonia;1;Vlado Janevski;"""Ne zori, zoro"" (Не зори, зоро)";Macedonian;19;1998
798;1;Lithuania;2;Aistė;"""Strazdas""";Samogitian;20;1999
799;2;Belgium;42;Vanessa Chinitor;"""Like the Wind""";English;12;1999
800;3;Spain;39;Lydia;"""No quiero escuchar""";Spanish;23 ◁;1999
801;4;Croatia;7;Doris Dragović;"""Marija Magdalena""";Croatian;4;1999
802;5;United Kingdom;42;Precious;"""Say It Again""";English;12;1999
803;6;Slovenia;6;Darja Švajger;"""For a Thousand Years""";English;11;1999
804;7;Turkey;21;Tuba Önal & Grup Mistik;"""Dön Artık""";Turkish;16;1999
805;8;Norway;39;Van Eijk;"""Living My Life Without You""";English;14;1999
806;9;Denmark;29;Trine Jepsen & Michael Teschl;"""This Time I Mean It""";English;8;1999
807;10;France;42;Nayah;"""Je veux donner ma voix""";French;19;1999
808;11;Netherlands;41;Marlayne;"""One Good Reason""";English;8;1999
809;12;Poland;6;Mietek Szcześniak [pl];"""Przytul mnie mocno""";Polish;18;1999
810;13;Iceland;13;Selma;"""All Out of Luck""";English;2;1999
811;14;Cyprus;18;Marlain;"""Tha'nai erotas"" (Θα'ναι έρωτας)";Greek;22;1999
812;15;Sweden;39;Charlotte Nilsson;"""Take Me to Your Heaven""";English;1;1999
813;16;Portugal;35;Rui Bandeira;"""Como tudo começou""";Portuguese;21;1999
814;17;Ireland;34;The Mullans;"""When You Need Me""";English;17;1999
815;18;Austria;37;Bobbie Singer;"""Reflection""";English;10;1999
816;19;Israel;22;Eden;"""Yom Huledet"" (יום הולדת)";Hebrew, English;5;1999
817;20;Malta;12;Times Three;"""Believe 'n Peace""";English;15;1999
818;21;Germany;43;Sürpriz;"""Reise nach Jerusalem – Kudüs'e seyahat""";German, Turkish, English[i];3;1999
819;22;Bosnia and Herzegovina;6;Dino & Béatrice;"""Putnici""";Bosnian, French;7;1999
820;23;Estonia;5;Evelin Samuel & Camille;"""Diamond of Night""";English;6;1999
821;1;Israel;23;PingPong;"""Sameach"" (שמח)";Hebrew[c];22;2000
822;2;Netherlands;42;Linda Wagenmakers;"""No Goodbyes""";English;13;2000
823;3;United Kingdom;43;Nicki French;"""Don't Play That Song Again""";English;16;2000
824;4;Estonia;6;Ines;"""Once in a Lifetime""";English;4;2000
825;5;France;43;Sofia Mestari;"""On aura le ciel""";French;23;2000
826;6;Romania;3;Taxi;"""The Moon""";English;17;2000
827;7;Malta;13;Claudette Pace;"""Desire""";English[p];8;2000
828;8;Norway;40;Charmed;"""My Heart Goes Boom""";English;11;2000
829;9;Russia;4;Alsou;"""Solo""";English;2;2000
830;10;Belgium;43;Nathalie Sorce;"""Envie de vivre""";French;24 ◁;2000
831;11;Cyprus;19;Voice;"""Nomiza"" (Νόμιζα)";Greek, Italian;21;2000
832;12;Iceland;14;August & Telma;"""Tell Me!""";English;12;2000
833;13;Spain;40;Serafín Zubiri;"""Colgado de un sueño""";Spanish;18;2000
834;14;Denmark;30;Olsen Brothers;"""Fly on the Wings of Love""";English;1;2000
835;15;Germany;44;Stefan Raab;"""Wadde hadde dudde da?""";German, English;5;2000
836;16;Switzerland;43;Jane Bogaert [de];"""La vita cos'è?""";Italian;20;2000
837;17;Croatia;8;Goran Karan;"""Kad zaspu anđeli""";Croatian;9;2000
838;18;Sweden;40;Roger Pontare;"""When Spirits Are Calling My Name""";English;7;2000
839;19;Macedonia;2;XXL;"""100% te ljubam"" (100% те љубам)";Macedonian, English;15;2000
840;20;Finland;36;Nina Åström;"""A Little Bit""";English;18;2000
841;21;Latvia;1;Brainstorm;"""My Star""";English;3;2000
842;22;Turkey;22;Pınar Ayhan & the S.O.S.;"""Yorgunum Anla""";Turkish, English;10;2000
843;23;Ireland;35;Eamonn Toal;"""Millennium of Love""";English;6;2000
844;24;Austria;38;The Rounder Girls;"""All to You""";English;14;2000
845;1;Netherlands;43;Michelle;"""Out On My Own""";English;18;2001
846;2;Iceland;15;Two Tricky;"""Angel""";English;22 ◁;2001
847;3;Bosnia and Herzegovina;7;Nino Pršeš;"""Hano""";Bosnian, English;14;2001
848;4;Norway;41;Haldor Lægreid;"""On My Own""";English;22 ◁;2001
849;5;Israel;24;Tal Sondak;"""En Davar"" (אין דבר)";Hebrew;16;2001
850;6;Russia;5;Mumiy Troll;"""Lady Alpine Blue""";English;12;2001
851;7;Sweden;41;Friends;"""Listen to Your Heartbeat""";English;5;2001
852;8;Lithuania;3;Skamp;"""You Got Style""";English, Lithuanian;13;2001
853;9;Latvia;2;Arnis Mednis;"""Too Much""";English;18;2001
854;10;Croatia;9;Vanna;"""Strings of My Heart""";English;10;2001
855;11;Portugal;36;MTM;"""Só sei ser feliz assim""";Portuguese;17;2001
856;12;Ireland;36;Gary O'Shaughnessy;"""Without Your Love""";English;21;2001
857;13;Spain;41;David Civera;"""Dile que la quiero""";Spanish;6;2001
858;14;France;44;Natasha St-Pier;"""Je n'ai que mon âme""";French, English;4;2001
859;15;Turkey;23;Sedat Yüce;"""Sevgiliye Son""";Turkish, English;11;2001
860;16;United Kingdom;44;Lindsay Dracass;"""No Dream Impossible""";English;15;2001
861;17;Slovenia;7;Nuša Derenda;"""Energy""";English;7;2001
862;18;Poland;7;Piasek;"""2 Long""";English;20;2001
863;19;Germany;45;Michelle;"""Wer Liebe lebt""";German, English;8;2001
864;20;Estonia;7;Tanel Padar, Dave Benton & 2XL;"""Everybody""";English;1;2001
865;21;Malta;14;Fabrizio Faniello;"""Another Summer Night""";English;9;2001
866;22;Greece;22;Antique;"""(I Would) Die for You""";Greek, English;3;2001
867;23;Denmark;31;Rollo & King;"""Never Ever Let You Go""";English;2;2001
868;1;Cyprus;20;One;"""Gimme""";English;6;2002
869;2;United Kingdom;45;Jessica Garlick;"""Come Back""";English;3;2002
870;3;Austria;39;Manuel Ortega;"""Say a Word""";English;18;2002
871;4;Greece;23;Michalis Rakintzis;"""S.A.G.A.P.O.""";English[q];17;2002
872;5;Spain;42;Rosa;"""Europe's Living a Celebration""";Spanish;7;2002
873;6;Croatia;10;Vesna Pisarović;"""Everything I Want""";English;11;2002
874;7;Russia;6;Prime Minister;"""Northern Girl""";English;10;2002
875;8;Estonia;8;Sahlene;"""Runaway""";English;3;2002
876;9;Macedonia;3;Karolina;"""Od nas zavisi"" (Од нас зависи)";Macedonian;19;2002
877;10;Israel;25;Sarit Hadad;"""Light a Candle""";Hebrew, English;12;2002
878;11;Switzerland;44;Francine Jordi;"""Dans le jardin de mon âme""";French;22;2002
879;12;Sweden;42;Afro-dite;"""Never Let It Go""";English;8;2002
880;13;Finland;37;Laura;"""Addicted to You""";English;20;2002
881;14;Denmark;32;Malene;"""Tell Me Who You Are""";English;24 ◁;2002
882;15;Bosnia and Herzegovina;8;Maja Tatić;"""Na jastuku za dvoje"" (На јастуку за двоје)";Serbian, English;13;2002
883;16;Belgium;44;Sergio & The Ladies;"""Sister""";English;13;2002
884;17;France;45;Sandrine François;"""Il faut du temps""";French;5;2002
885;18;Germany;46;Corinna May;"""I Can't Live Without Music""";English;21;2002
886;19;Turkey;24;Buket Bengisu & Group Safir;"""Leylaklar Soldu Kalbinde""";Turkish, English;16;2002
887;20;Malta;15;Ira Losco;"""7th Wonder""";English;2;2002
888;21;Romania;4;Monica Anghel & Marcel Pavel;"""Tell Me Why""";English;9;2002
889;22;Slovenia;8;Sestre;"""Samo ljubezen""";Slovene;13;2002
890;23;Latvia;3;Marie N;"""I Wanna""";English;1;2002
891;24;Lithuania;4;Aivaras;"""Happy You""";English;23;2002
892;1;Iceland;16;Birgitta;"""Open Your Heart""";English;8;2003
893;2;Austria;40;Alf Poier;"""Weil der Mensch zählt""";Styrian;6;2003
894;3;Ireland;37;Mickey Harte;"""We've Got the World""";English;11;2003
895;4;Turkey;25;Sertab Erener;"""Everyway That I Can""";English;1;2003
896;5;Malta;16;Lynn Chircop;"""To Dream Again""";English;25;2003
897;6;Bosnia and Herzegovina;9;Mija Martina;"""Ne brini""";Croatian, English;16;2003
898;7;Portugal;37;Rita Guerra;"""Deixa-me sonhar""";Portuguese, English;22;2003
899;8;Croatia;11;Claudia Beni;"""Više nisam tvoja""";Croatian, English;15;2003
900;9;Cyprus;21;Stelios Constantas;"""Feeling Alive""";English;20;2003
901;10;Germany;47;Lou;"""Let's Get Happy""";English;11;2003
902;11;Russia;7;t.A.T.u.;"""Ne ver', ne boysia"" (Не верь, не бойся)";Russian;3;2003
903;12;Spain;43;Beth;"""Dime""";Spanish;8;2003
904;13;Israel;26;Lior Narkis;"""Words for Love""";Hebrew[b][c][d][q];19;2003
905;14;Netherlands;44;Esther Hart;"""One More Night""";English;13;2003
906;15;United Kingdom;46;Jemini;"""Cry Baby""";English;26 ◁;2003
907;16;Ukraine;1;Olexandr;"""Hasta la Vista""";English;14;2003
908;17;Greece;24;Mando;"""Never Let You Go""";English;17;2003
909;18;Norway;42;Jostein Hasselgård;"""I'm Not Afraid to Move On""";English;4;2003
910;19;France;46;Louisa Baïleche;"""Monts et merveilles""";French;18;2003
911;20;Poland;8;Ich Troje;"""Keine Grenzen – Żadnych granic""";German, Polish, Russian;7;2003
912;21;Latvia;4;F.L.Y.;"""Hello from Mars""";English;24;2003
913;22;Belgium;45;Urban Trad;"""Sanomi""";Imaginary;2;2003
914;23;Estonia;9;Ruffus;"""Eighties Coming Back""";English;21;2003
915;24;Romania;5;Nicola;"""Don't Break My Heart""";English;10;2003
916;25;Sweden;43;Fame;"""Give Me Your Love""";English;5;2003
917;26;Slovenia;9;Karmen;"""Nanana""";English;23;2003
