Id;R/O;Country;Entry;Artist;Song;Language;Placing;Year;Event
918;1;Finland;38;Jari Sillanpää;"""Takes 2 to Tango""";English;14;2004;SF
919;2;Belarus;1;Aleksandra and Konstantin;"""My Galileo""";English;19;2004;SF
920;3;Switzerland;45;Piero Esteriore & The MusicStars;"""Celebrate!""";English;22 ◁;2004;SF
921;4;Latvia;5;Fomins and Kleins;"""Dziesma par laimi""";Latvian;17;2004;SF
922;5;Israel;27;David D'Or;"""Leha'amin"" (להאמין)";Hebrew, English;11;2004;SF
923;6;Andorra;1;Marta Roure;"""Jugarem a estimar-nos""";Catalan;18;2004;SF
924;7;Portugal;38;Sofia Vitória;"""Foi magia""";Portuguese;15;2004;SF
925;8;Malta;17;Julie and Ludwig;"""On Again... Off Again""";English;8 †;2004;SF
926;9;Monaco;22;Maryon;"""Notre planète""";French;19;2004;SF
927;10;Greece;25;Sakis Rouvas;"""Shake It""";English;3 †;2004;SF
928;11;Ukraine;2;Ruslana;"""Wild Dances""";English, Ukrainian;2 †;2004;SF
929;12;Lithuania;5;Linas and Simona;"""What's Happened to Your Love?""";English;16;2004;SF
930;13;Albania;1;Anjeza Shahini;"""The Image of You""";English;4 †;2004;SF
931;14;Cyprus;22;Lisa Andreas;"""Stronger Every Minute""";English;5 †;2004;SF
932;15;Macedonia;4;Toše Proeski;"""Life""";English;10 †;2004;SF
933;16;Slovenia;10;Platin;"""Stay Forever""";English;21;2004;SF
934;17;Estonia;10;Neiokõsõ;"""Tii""";Võro;11;2004;SF
935;18;Croatia;12;Ivan Mikulić;"""You Are the Only One""";English;9 †;2004;SF
936;19;Denmark;33;Tomas Thordarson;"""Shame on You""";English;13;2004;SF
937;20;Serbia and Montenegro;1;Željko Joksimović & Ad-Hoc Orchestra;"""Lane moje"" (Лане моје)";Serbian;1 †;2004;SF
938;21;Bosnia and Herzegovina;10;Deen;"""In the Disco""";English;7 †;2004;SF
939;22;Netherlands;45;Re-Union;"""Without You""";English;6 †;2004;SF
954;1;Austria;42;Global.Kryner;"""Y así""";English, Spanish;21;2005;SF
955;2;Lithuania;6;Laura & The Lovers;"""Little by Little""";English;25 ◁;2005;SF
956;3;Portugal;39;2B;"""Amar""";Portuguese, English;17;2005;SF
957;4;Moldova;1;Zdob și Zdub;"""Boonika bate doba""";English, Romanian;2 †;2005;SF
958;5;Latvia;6;Walters & Kazha;"""The War Is Not Over""";English;10 †;2005;SF
959;6;Monaco;23;Lise Darly;"""Tout de moi""";French;24;2005;SF
960;7;Israel;28;Shiri Maimon;"""HaSheket SheNish'ar"" (השקט שנשאר)";Hebrew, English;7 †;2005;SF
961;8;Belarus;2;Angelica Agurbash;"""Love Me Tonight""";English;13;2005;SF
962;9;Netherlands;46;Glennis Grace;"""My Impossible Dream""";English;14;2005;SF
963;10;Iceland;18;Selma;"""If I Had Your Love""";English;16;2005;SF
964;11;Belgium;47;Nuno Resende;"""Le grand soir""";French;22;2005;SF
965;12;Estonia;11;Suntribe;"""Let's Get Loud""";English;20;2005;SF
966;13;Norway;44;Wig Wam;"""In My Dreams""";English;6 †;2005;SF
967;14;Romania;7;Luminița Anghel & Sistem;"""Let Me Try""";English;1 †;2005;SF
968;15;Hungary;5;NOX;"""Forogj, világ!""";Hungarian;5 †;2005;SF
969;16;Finland;39;Geir Rönning;"""Why""";English;18;2005;SF
970;17;Macedonia;5;Martin Vučić;"""Make My Day""";English;9 †;2005;SF
971;18;Andorra;2;Marian van de Wal;"""La mirada interior""";Catalan;23;2005;SF
972;19;Switzerland;46;Vanilla Ninja;"""Cool Vibes""";English;8 †;2005;SF
973;20;Croatia;13;Boris Novković feat. Lado Members;"""Vukovi umiru sami""";Croatian;4 †;2005;SF
974;21;Bulgaria;1;Kaffe;"""Lorraine""";English;19;2005;SF
975;22;Ireland;39;Donna & Joe;"""Love?""";English;14;2005;SF
976;23;Slovenia;11;Omar Naber;"""Stop""";Slovene;12;2005;SF
977;24;Denmark;34;Jakob Sveistrup;"""Talking to You""";English;3 †;2005;SF
978;25;Poland;10;Ivan & Delfin [pl];"""Czarna dziewczyna""";Polish, Russian;11;2005;SF
993;1;Armenia;1;André;"""Without Your Love""";English;6 †;2006;SF
994;2;Bulgaria;2;Mariana Popova;"""Let Me Cry""";English;17;2006;SF
995;3;Slovenia;12;Anžej Dežan;"""Mr Nobody""";English;16;2006;SF
996;4;Andorra;3;Jenny;"""Sense tu""";Catalan;23 ◁;2006;SF
997;5;Belarus;3;Polina Smolova;"""Mum""";English;22;2006;SF
998;6;Albania;3;Luiz Ejlli;"""Zjarr e ftohtë""";Albanian;14;2006;SF
999;7;Belgium;48;Kate Ryan;"""Je t'adore""";English;12;2006;SF
1000;8;Ireland;40;Brian Kennedy;"""Every Song Is a Cry for Love""";English;9 †;2006;SF
1001;9;Cyprus;24;Annet Artani;"""Why Angels Cry""";English;15;2006;SF
1002;10;Monaco;24;Séverine Ferrer;"""La Coco-Dance""";French, Tahitian;21;2006;SF
1003;11;Macedonia;6;Elena Risteska;"""Ninanajna"" (Нинанајна)";English, Macedonian;10 †;2006;SF
1004;12;Poland;11;Ich Troje feat. Real McCoy;"""Follow My Heart""";English, Polish, German, Russian[b];11;2006;SF
1005;13;Russia;10;Dima Bilan;"""Never Let You Go""";English;3 †;2006;SF
1006;14;Turkey;28;Sibel Tüzün;"""Süper Star""";Turkish;8 †;2006;SF
1007;15;Ukraine;4;Tina Karol;"""Show Me Your Love""";English;7 †;2006;SF
1008;16;Finland;40;Lordi;"""Hard Rock Hallelujah""";English;1 †;2006;SF
1009;17;Netherlands;47;Treble;"""Amambanda""";English, Imaginary;20;2006;SF
1010;18;Lithuania;7;LT United;"""We Are the Winners""";English[a];5 †;2006;SF
1011;19;Portugal;40;Nonstop;"""Coisas de nada""";Portuguese, English;19;2006;SF
1012;20;Sweden;46;Carola;"""Invincible""";English;4 †;2006;SF
1013;21;Estonia;12;Sandra Oxenryd;"""Through My Window""";English;18;2006;SF
1014;22;Bosnia and Herzegovina;12;Hari Mata Hari;"""Lejla""";Bosnian;2 †;2006;SF
1015;23;Iceland;19;Silvia Night;"""Congratulations""";English;13;2006;SF
1030;1;Bulgaria;3;Elitsa Todorova & Stoyan Yankoulov;"""Water""";Bulgarian;6 †;2007;SF
1031;2;Israel;30;Teapacks;"""Push the Button""";English, French, Hebrew;24;2007;SF
1032;3;Cyprus;25;Evridiki;"""Comme ci, comme ça""";French;15;2007;SF
1033;4;Belarus;4;Dmitry Koldun;"""Work Your Magic""";English;4 †;2007;SF
1034;5;Iceland;20;Eiríkur Hauksson;"""Valentine Lost""";English;13;2007;SF
1035;6;Georgia;1;Sopho;"""Visionary Dream""";English;8 †;2007;SF
1036;7;Montenegro;1;Stevan Faddy;"""'Ajde, kroči"" ('Ајде, крочи)";Montenegrin;22;2007;SF
1037;8;Switzerland;48;DJ BoBo;"""Vampires Are Alive""";English;20;2007;SF
1038;9;Moldova;3;Natalia Barbu;"""Fight""";English;10 †;2007;SF
1039;10;Netherlands;48;Edsilia Rombley;"""On Top of the World""";English;21;2007;SF
1040;11;Albania;4;Frederik Ndoci;"""Hear My Plea""";English, Albanian;17;2007;SF
1041;12;Denmark;36;DQ;"""Drama Queen""";English;19;2007;SF
1042;13;Croatia;15;Dragonfly feat. Dado Topić;"""Vjerujem u ljubav""";Croatian, English;16;2007;SF
1043;14;Poland;12;The Jet Set;"""Time to Party""";English;14;2007;SF
1044;15;Serbia;1;Marija Šerifović;"""Molitva"" (Молитва)";Serbian;1 †;2007;SF
1045;16;Czech Republic;1;Kabát;"""Malá dáma""";Czech;28 ◁;2007;SF
1046;17;Portugal;41;Sabrina;"""Dança comigo""";Portuguese, English[a][g];11;2007;SF
1047;18;Macedonia;7;Karolina;"""Mojot svet"" (Мојот свет)";Macedonian, English;9 †;2007;SF
1048;19;Norway;46;Guri Schanke;"""Ven a bailar conmigo""";English[b];18;2007;SF
1049;20;Malta;20;Olivia Lewis;"""Vertigo""";English;25;2007;SF
1050;21;Andorra;4;Anonymous;"""Salvem el món""";Catalan, English;12;2007;SF
1051;22;Hungary;6;Magdi Rúzsa;"""Unsubstantial Blues""";English;2 †;2007;SF
1052;23;Estonia;13;Gerli Padar;"""Partners in Crime""";English;22;2007;SF
1053;24;Belgium;49;The KMG's;"""LovePower""";English;26;2007;SF
1054;25;Slovenia;13;Alenka Gotar;"""Cvet z juga""";Slovene;7 †;2007;SF
1055;26;Turkey;29;Kenan Doğulu;"""Shake It Up Şekerim""";English;3 †;2007;SF
1056;27;Austria;43;Eric Papilaya;"""Get a Life – Get Alive""";English;27;2007;SF
1057;28;Latvia;8;Bonaparti.lv;"""Questa notte""";Italian;5 †;2007;SF
1072;1;Montenegro;2;Stefan Filipović;"""Zauvijek volim te"" (Заувијек волим те)";Montenegrin;14;2008;SF1
1073;2;Israel;31;Boaz;"""The Fire in Your Eyes""";Hebrew, English;5 †;2008;SF1
1074;3;Estonia;14;Kreisiraadio;"""Leto svet""";Serbian, German, Finnish;18;2008;SF1
1075;4;Moldova;4;Geta Burlacu;"""A Century of Love""";English;12;2008;SF1
1076;5;San Marino;1;Miodio;"""Complice""";Italian;19 ◁;2008;SF1
1077;6;Belgium;50;Ishtar;"""O Julissi""";Imaginary;17;2008;SF1
1078;7;Azerbaijan;1;Elnur & Samir;"""Day After Day""";English;6 †;2008;SF1
1079;8;Slovenia;14;Rebeka Dremelj;"""Vrag naj vzame""";Slovene;11;2008;SF1
1080;9;Norway;47;Maria Haukaas Storeng;"""Hold On Be Strong""";English;4 †;2008;SF1
1081;10;Poland;13;Isis Gee;"""For Life""";English;10 ‡;2008;SF1
1082;11;Ireland;42;Dustin the Turkey;"""Irelande Douze Pointe""";English[a][b][i][c];15;2008;SF1
1083;12;Andorra;5;Gisela;"""Casanova""";English, Catalan;16;2008;SF1
1084;13;Bosnia and Herzegovina;14;Laka;"""Pokušaj""";Bosnian;9 †;2008;SF1
1085;14;Armenia;3;Sirusho;"""Qélé, Qélé"" (Քելե Քելե)";English, Armenian;2 †;2008;SF1
1086;15;Netherlands;49;Hind;"""Your Heart Belongs to Me""";English;13;2008;SF1
1087;16;Finland;42;Teräsbetoni;"""Missä miehet ratsastaa""";Finnish;8 †;2008;SF1
1088;17;Romania;10;Nico & Vlad;"""Pe-o margine de lume""";Romanian, Italian;7 †;2008;SF1
1089;18;Russia;12;Dima Bilan;"""Believe""";English;3 †;2008;SF1
1090;19;Greece;29;Kalomira;"""Secret Combination""";English;1 †;2008;SF1
1091;1;Iceland;21;Euroband;"""This Is My Life""";English;8 †;2008;SF2
1092;2;Sweden;48;Charlotte Perrelli;"""Hero""";English;12 ‡;2008;SF2
1093;3;Turkey;30;Mor ve Ötesi;"""Deli""";Turkish;7 †;2008;SF2
1094;4;Ukraine;6;Ani Lorak;"""Shady Lady""";English;1 †;2008;SF2
1095;5;Lithuania;9;Jeronimas Milius;"""Nomads in the Night""";English;16;2008;SF2
1096;6;Albania;5;Olta Boka;"""Zemrën e lamë peng""";Albanian;9 †;2008;SF2
1097;7;Switzerland;49;Paolo Meneguzzi;"""Era stupendo""";Italian;13;2008;SF2
1098;8;Czech Republic;2;Tereza Kerndlová;"""Have Some Fun""";English;18;2008;SF2
1099;9;Belarus;5;Ruslan Alehno;"""Hasta la Vista""";English[b];17;2008;SF2
1100;10;Latvia;9;Pirates of the Sea;"""Wolves of the Sea""";English;6 †;2008;SF2
1101;11;Croatia;16;Kraljevi ulice & 75 Cents;"""Romanca""";Croatian;4 †;2008;SF2
1102;12;Bulgaria;4;Deep Zone & Balthazar;"""DJ, Take Me Away""";English;11;2008;SF2
1103;13;Denmark;37;Simon Mathew;"""All Night Long""";English;3 †;2008;SF2
1104;14;Georgia;2;Diana Gurtskaya;"""Peace Will Come""";English;5 †;2008;SF2
1105;15;Hungary;7;Csézy;"""Candlelight""";English, Hungarian;19 ◁;2008;SF2
1106;16;Malta;21;Morena;"""Vodka""";English[f];14;2008;SF2
1107;17;Cyprus;26;Evdokia Kadi;"""Femme Fatale""";Greek;15;2008;SF2
1108;18;Macedonia;8;Tamara, Vrčak & Adrijan;"""Let Me Love You""";English;10;2008;SF2
1109;19;Portugal;42;Vânia Fernandes;"""Senhora do mar (Negras águas)""";Portuguese;2 †;2008;SF2
1115;1;Montenegro;3;Andrea Demirović;"""Just Get Out of My Life""";English;11;2009;SF1
1116;2;Czech Republic;3;Gipsy.cz;"""Aven Romale""";English, Romani;18 ◁;2009;SF1
1117;3;Belgium;51;Copycat;"""Copycat""";English;17;2009;SF1
1118;4;Belarus;6;Petr Elfimov;"""Eyes That Never Lie""";English;13;2009;SF1
1119;5;Sweden;49;Malena Ernman;"""La voix""";French, English;4 †;2009;SF1
1120;6;Armenia;4;Inga & Anush;"""Jan Jan"" (Ջան Ջան)";English, Armenian;5 †;2009;SF1
1121;7;Andorra;6;Susanne Georgi;"""La teva decisió (Get a Life)""";Catalan, English;15;2009;SF1
1122;8;Switzerland;50;Lovebugs;"""The Highest Heights""";English;14;2009;SF1
1123;9;Turkey;31;Hadise;"""Düm Tek Tek""";English;2 †;2009;SF1
1124;10;Israel;32;Noa & Mira Awad;"""There Must Be Another Way""";English, Hebrew, Arabic;7 †;2009;SF1
1125;11;Bulgaria;5;Krassimir Avramov;"""Illusion""";English;16;2009;SF1
1126;12;Iceland;22;Yohanna;"""Is It True?""";English;1 †;2009;SF1
1127;13;Macedonia;9;Next Time;"""Nešto što kje ostane"" (Нешто што ќе остане)";Macedonian;10;2009;SF1
1128;14;Romania;11;Elena;"""The Balkan Girls""";English;9;2009;SF1
1129;24;Finland;43;Waldo's People;"""Lose Control""";English;12 ‡;2009;SF1
1130;16;Portugal;43;Flor-de-Lis;"""Todas as ruas do amor""";Portuguese;8 †;2009;SF1
1131;14;Malta;22;Chiara;"""What If We""";English;6 †;2009;SF1
1132;12;Bosnia and Herzegovina;15;Regina;"""Bistra voda""";Bosnian;3 †;2009;SF1
1133;1;Croatia;17;Igor Cukrov feat. Andrea;"""Lijepa Tena""";Croatian;13 ‡;2009;SF2
1134;2;Ireland;43;Sinéad Mulvey & Black Daisy;"""Et Cetera""";English;11;2009;SF2
1135;3;Latvia;10;Intars Busulis;"""Probka"" (Пробка)";Russian;19 ◁;2009;SF2
1136;4;Serbia;3;Marko Kon & Milaan;"""Cipela"" (Ципела)";Serbian;10;2009;SF2
1137;5;Poland;14;Lidia Kopania;"""I Don't Wanna Leave""";English;12;2009;SF2
1138;6;Norway;48;Alexander Rybak;"""Fairytale""";English;1 †;2009;SF2
1139;7;Cyprus;27;Christina Metaxa;"""Firefly""";English;14;2009;SF2
1140;8;Slovakia;4;Kamil Mikulčík & Nela Pocisková;"""Leť tmou""";Slovak;18;2009;SF2
1141;9;Denmark;38;Brinck;"""Believe Again""";English;8 †;2009;SF2
1142;10;Slovenia;15;Quartissimo feat. Martina;"""Love Symphony""";English, Slovene;16;2009;SF2
1143;11;Hungary;8;Zoli Ádok;"""Dance with Me""";English;15;2009;SF2
1144;12;Azerbaijan;2;AySel & Arash;"""Always""";English;2 †;2009;SF2
1145;13;Greece;30;Sakis Rouvas;"""This Is Our Night""";English;4 †;2009;SF2
1146;14;Lithuania;10;Sasha Son;"""Love""";English, Russian;9 †;2009;SF2
1147;15;Moldova;5;Nelly Ciobanu;"""Hora din Moldova""";Romanian, English;5 †;2009;SF2
1148;16;Albania;6;Kejsi Tola;"""Carry Me in Your Dreams""";English;7 †;2009;SF2
1149;17;Ukraine;7;Svetlana Loboda;"""Be My Valentine! (Anti-Crisis Girl)""";English;6 †;2009;SF2
1150;18;Estonia;15;Urban Symphony;"""Rändajad""";Estonian;3 †;2009;SF2
1151;19;Netherlands;50;The Toppers;"""Shine""";English;17;2009;SF2
1157;1;Moldova;6;SunStroke Project & Olia Tira;"""Run Away""";English;10 †;2010;SF1
1158;2;Russia;14;Peter Nalitch & Friends;"""Lost and Forgotten""";English;7 †;2010;SF1
1159;3;Estonia;16;Malcolm Lincoln;"""Siren""";English;14;2010;SF1
1160;4;Slovakia;5;Kristína;"""Horehronie""";Slovak;16;2010;SF1
1161;5;Finland;44;Kuunkuiskaajat;"""Työlki ellää""";Finnish;11;2010;SF1
1162;6;Latvia;11;Aisha;"""What For?""";English;17 ◁;2010;SF1
1163;7;Serbia;4;Milan Stanković;"""Ovo je Balkan"" (Oво je Балкан)";Serbian;5 †;2010;SF1
1164;8;Bosnia and Herzegovina;16;Vukašin Brajić;"""Thunder and Lightning""";English;8 †;2010;SF1
1165;9;Poland;15;Marcin Mroziński;"""Legenda""";English, Polish;13;2010;SF1
1166;10;Belgium;52;Tom Dice;"""Me and My Guitar""";English;1 †;2010;SF1
1167;11;Malta;23;Thea Garrett;"""My Dream""";English;12;2010;SF1
1168;12;Albania;7;Juliana Pasha;"""It's All About You""";English;6 †;2010;SF1
1169;13;Greece;31;Giorgos Alkaios & Friends;"""OPA"" (ΩΠΑ)";Greek[g];2 †;2010;SF1
1170;14;Portugal;44;Filipa Azevedo;"""Há dias assim""";Portuguese;4 †;2010;SF1
1171;15;Macedonia;10;Gjoko Taneski;"""Jas ja imam silata"" (Јас ја имам силата)";Macedonian;15;2010;SF1
1172;16;Belarus;7;3+2 feat. Robert Wells;"""Butterflies""";English;9 †;2010;SF1
1173;17;Iceland;23;Hera Björk;"""Je ne sais quoi""";English;3 †;2010;SF1
1174;1;Lithuania;11;InCulto;"""Eastern European Funk""";English;12;2010;SF2
1175;2;Armenia;5;Eva Rivas;"""Apricot Stone""";English;6 †;2010;SF2
1176;3;Israel;33;Harel Skaat;"""Milim"" (מילים)";Hebrew;8 †;2010;SF2
1177;4;Denmark;39;Chanée & N'evergreen;"""In a Moment Like This""";English;5 †;2010;SF2
1178;5;Switzerland;51;Michael von der Heide;"""Il pleut de l'or""";French;17 ◁;2010;SF2
1179;6;Sweden;50;Anna Bergendahl;"""This Is My Life""";English;11;2010;SF2
1180;7;Azerbaijan;3;Safura;"""Drip Drop""";English;2 †;2010;SF2
1181;8;Ukraine;8;Alyosha;"""Sweet People""";English;7 †;2010;SF2
1182;9;Netherlands;51;Sieneke;"""Ik ben verliefd (Sha-la-lie)""";Dutch;14;2010;SF2
1183;10;Romania;12;Paula Seling & Ovi;"""Playing with Fire""";English;4 †;2010;SF2
1184;11;Slovenia;16;Ansambel Žlindra & Kalamari;"""Narodnozabavni rock""";Slovene;16;2010;SF2
1185;12;Ireland;44;Niamh Kavanagh;"""It's for You""";English;9 †;2010;SF2
1186;13;Bulgaria;6;Miro;"""Angel si ti"" (Ангел си ти)";Bulgarian, English;15;2010;SF2
1187;14;Cyprus;28;Jon Lilygreen & The Islanders;"""Life Looks Better in Spring""";English;10 †;2010;SF2
1188;15;Croatia;18;Feminnem;"""Lako je sve""";Croatian;13;2010;SF2
1189;16;Georgia;3;Sofia Nizharadze;"""Shine""";English;3 †;2010;SF2
1190;17;Turkey;32;maNga;"""We Could Be the Same""";English;1 †;2010;SF2
1196;1;Poland;16;Magdalena Tul;"""Jestem""";Polish;19 ◁;2011;SF1
1197;2;Norway;50;Stella Mwangi;"""Haba Haba""";English, Swahili;17;2011;SF1
1198;3;Albania;8;Aurela Gaçe;"""Feel the Passion""";English[j];14;2011;SF1
1199;4;Armenia;6;Emmy;"""Boom Boom""";English;12;2011;SF1
1200;5;Turkey;33;Yüksek Sadakat;"""Live It Up""";English;13;2011;SF1
1201;6;Serbia;5;Nina;"""Čaroban"" (Чаробан)";Serbian;8 †;2011;SF1
1202;7;Russia;15;Alexey Vorobyov;"""Get You""";English, Russian;9 †;2011;SF1
1203;8;Switzerland;52;Anna Rossinelli;"""In Love for a While""";English;10 †;2011;SF1
1204;9;Georgia;4;Eldrine;"""One More Day""";English;6 †;2011;SF1
1205;10;Finland;45;Paradise Oskar;"""Da Da Dam""";English;3 †;2011;SF1
1206;11;Malta;24;Glen Vella;"""One Life""";English;11;2011;SF1
1207;12;San Marino;2;Senit;"""Stand By""";English;16;2011;SF1
1208;13;Croatia;19;Daria;"""Celebrate""";English;15;2011;SF1
1209;14;Iceland;24;Sjonni's Friends;"""Coming Home""";English;4 †;2011;SF1
1210;15;Hungary;9;Kati Wolf;"""What About My Dreams?""";English, Hungarian;7 †;2011;SF1
1211;16;Portugal;45;Homens da Luta;"""A luta é alegria""";Portuguese;18;2011;SF1
1212;17;Lithuania;12;Evelina Sašenko;"""C'est ma vie""";English[a];5 †;2011;SF1
1213;18;Azerbaijan;4;Ell & Nikki;"""Running Scared""";English;2 †;2011;SF1
1214;19;Greece;32;Loucas Giorkas feat. Stereo Mike;"""Watch My Dance""";English, Greek;1 †;2011;SF1
1215;1;Bosnia and Herzegovina;17;Dino Merlin;"""Love in Rewind""";English[k];5 †;2011;SF2
1216;2;Austria;44;Nadine Beiler;"""The Secret Is Love""";English;7 †;2011;SF2
1217;3;Netherlands;52;3JS;"""Never Alone""";English;19 ◁;2011;SF2
1218;4;Belgium;53;Witloof Bay;"""With Love Baby""";English;11;2011;SF2
1219;5;Slovakia;6;TWiiNS;"""I'm Still Alive""";English;13;2011;SF2
1220;6;Ukraine;9;Mika Newton;"""Angel""";English;6 †;2011;SF2
1221;7;Moldova;7;Zdob și Zdub;"""So Lucky""";English;10 †;2011;SF2
1222;8;Sweden;51;Eric Saade;"""Popular""";English;1 †;2011;SF2
1223;9;Cyprus;29;Christos Mylordos;"""San aggelos s'agapisa"" (Σαν άγγελος σ'αγάπησα)";Greek;18;2011;SF2
1224;10;Bulgaria;7;Poli Genova;"""Na inat"" (На инат)";Bulgarian;12;2011;SF2
1225;11;Macedonia;11;Vlatko Ilievski;"""Rusinka"" (Русинкa)";Macedonian, English[f];16;2011;SF2
1226;12;Israel;34;Dana International;"""Ding Dong"" (דינג דונג)";Hebrew, English;15;2011;SF2
1227;13;Slovenia;17;Maja Keuc;"""No One""";English;3 †;2011;SF2
1228;14;Romania;13;Hotel FM;"""Change""";English;4 †;2011;SF2
1229;15;Estonia;17;Getter Jaani;"""Rockefeller Street""";English;9 †;2011;SF2
1230;16;Belarus;8;Anastasia Vinnikova;"""I Love Belarus""";English;14;2011;SF2
1231;17;Latvia;12;Musiqq;"""Angel in Disguise""";English;17;2011;SF2
1232;18;Denmark;40;A Friend in London;"""New Tomorrow""";English;2 †;2011;SF2
1233;19;Ireland;45;Jedward;"""Lipstick""";English;8 †;2011;SF2
1239;1;Montenegro;4;Rambo Amadeus;"""Euro Neuro""";English[c][l];15;2012;SF1
1240;2;Iceland;25;Greta Salóme & Jónsi;"""Never Forget""";English;8 †;2012;SF1
1241;3;Greece;33;Eleftheria Eleftheriou;"""Aphrodisiac""";English;4 †;2012;SF1
1242;4;Latvia;13;Anmary;"""Beautiful Song""";English;16;2012;SF1
1243;5;Albania;9;Rona Nishliu;"""Suus""";Albanian;2 †;2012;SF1
1244;6;Romania;14;Mandinga;"""Zaleilah""";Spanish, English;3 †;2012;SF1
1245;7;Switzerland;53;Sinplus;"""Unbreakable""";English;11;2012;SF1
1246;8;Belgium;54;Iris;"""Would You?""";English;17;2012;SF1
1247;9;Finland;46;Pernilla;"""När jag blundar""";Swedish;12;2012;SF1
1248;10;Israel;35;Izabo;"""Time""";English, Hebrew;13;2012;SF1
1249;11;San Marino;3;Valentina Monetta;"""The Social Network Song (Oh Oh – Uh – Oh Oh)""";English[i];14;2012;SF1
1250;12;Cyprus;30;Ivi Adamou;"""La La Love""";English;7 †;2012;SF1
1251;13;Denmark;41;Soluna Samay;"""Should've Known Better""";English;9 †;2012;SF1
1252;14;Russia;16;Buranovskiye Babushki;"""Party for Everybody""";Udmurt, English;1 †;2012;SF1
1253;15;Hungary;10;Compact Disco;"""Sound of Our Hearts""";English;10 †;2012;SF1
1254;16;Austria;45;Trackshittaz;"""Woki mit deim Popo""";Mühlviertlerisch;18 ◁;2012;SF1
1255;17;Moldova;8;Pasha Parfeny;"""Lăutar""";English;5 †;2012;SF1
1256;18;Ireland;46;Jedward;"""Waterline""";English;6 †;2012;SF1
1257;1;Serbia;6;Željko Joksimović;"""Nije ljubav stvar"" (Није љубав ствар)";Serbian;2 †;2012;SF2
1258;2;Macedonia;12;Kaliopi;"""Crno i belo"" (Црно и бело)";Macedonian;9 †;2012;SF2
1259;3;Netherlands;53;Joan Franka;"""You and Me""";English;15;2012;SF2
1260;4;Malta;25;Kurt Calleja;"""This Is the Night""";English;7 †;2012;SF2
1261;5;Belarus;9;Litesound;"""We Are the Heroes""";English;16;2012;SF2
1262;6;Portugal;46;Filipa Sousa;"""Vida minha""";Portuguese;13;2012;SF2
1263;7;Ukraine;10;Gaitana;"""Be My Guest""";English;8 †;2012;SF2
1264;8;Bulgaria;8;Sofi Marinova;"""Love Unlimited""";Bulgarian[a][g][b][i][m][h][n][o][p][q];11;2012;SF2
1265;9;Slovenia;18;Eva Boto;"""Verjamem""";Slovene;17;2012;SF2
1266;10;Croatia;20;Nina Badrić;"""Nebo""";Croatian;12;2012;SF2
1267;11;Sweden;52;Loreen;"""Euphoria""";English;1 †;2012;SF2
1268;12;Georgia;5;Anri Jokhadze;"""I'm a Joker""";English, Georgian;14;2012;SF2
1269;13;Turkey;34;Can Bonomo;"""Love Me Back""";English;5 †;2012;SF2
1270;14;Estonia;18;Ott Lepland;"""Kuula""";Estonian;4 †;2012;SF2
1271;15;Slovakia;7;Max Jason Mai;"""Don't Close Your Eyes""";English;18 ◁;2012;SF2
1272;16;Norway;51;Tooji;"""Stay""";English;10 †;2012;SF2
1273;17;Bosnia and Herzegovina;18;Maya Sar;"""Korake ti znam""";Bosnian;6†;2012;SF2
1274;18;Lithuania;13;Donny Montell;"""Love Is Blind""";English;3 †;2012;SF2
1281;1;Austria;46;Natália Kelly;"""Shine""";English;14;2013;SF1
1282;2;Estonia;19;Birgit;"""Et uus saaks alguse""";Estonian;10 †;2013;SF1
1283;3;Slovenia;19;Hannah;"""Straight into Love""";English;16 ◁;2013;SF1
1284;4;Croatia;21;Klapa s Mora;"""Mižerja""";Croatian;13;2013;SF1
1285;5;Denmark;42;Emmelie de Forest;"""Only Teardrops""";English;1 †;2013;SF1
1286;6;Russia;17;Dina Garipova;"""What If""";English;2 †;2013;SF1
1287;7;Ukraine;11;Zlata Ognevich;"""Gravity""";English;3 †;2013;SF1
1288;8;Netherlands;54;Anouk;"""Birds""";English;6 †;2013;SF1
1289;9;Montenegro;5;Who See;"""Igranka"" (Игранка)";Montenegrin;12;2013;SF1
1290;10;Lithuania;14;Andrius Pojavis;"""Something""";English;9 †;2013;SF1
1291;11;Belarus;10;Alyona Lanskaya;"""Solayoh""";English;7 †;2013;SF1
1292;12;Moldova;9;Aliona Moon;"""O mie""";Romanian;4 †;2013;SF1
1293;13;Ireland;47;Ryan Dolan;"""Only Love Survives""";English;8 †;2013;SF1
1294;14;Cyprus;31;Despina Olympiou;"""An me thimasai"" (Aν με θυμάσαι)";Greek;15;2013;SF1
1295;15;Belgium;55;Roberto Bellarosa;"""Love Kills""";English;5 †;2013;SF1
1296;16;Serbia;7;Moje 3;"""Ljubav je svuda"" (Љубав је свуда)";Serbian;11;2013;SF1
1297;1;Latvia;14;PeR;"""Here We Go""";English;17 ◁;2013;SF2
1298;2;San Marino;4;Valentina Monetta;"""Crisalide (Vola)""";Italian;11;2013;SF2
1299;3;Macedonia;13;Esma & Lozano;"""Pred da se razdeni"" (Пред да се раздени)";Macedonian, Romani;16;2013;SF2
1300;4;Azerbaijan;6;Farid Mammadov;"""Hold Me""";English;1 †;2013;SF2
1301;5;Finland;47;Krista Siegfrids;"""Marry Me""";English;9 †;2013;SF2
1302;6;Malta;26;Gianluca;"""Tomorrow""";English;4 †;2013;SF2
1303;7;Bulgaria;9;Elitsa Todorova & Stoyan Yankoulov;"""Samo shampioni"" (Само шампиони)";Bulgarian;12;2013;SF2
1304;8;Iceland;26;Eythor Ingi;"""Ég á líf""";Icelandic;6 †;2013;SF2
1305;9;Greece;34;Koza Mostra feat. Agathon Iakovidis;"""Alcohol Is Free""";Greek[g];2 †;2013;SF2
1306;10;Israel;36;Moran Mazor;"""Rak Bishvilo"" (רק בשבילו)";Hebrew;14;2013;SF2
1307;11;Armenia;7;Dorians;"""Lonely Planet""";English;7 †;2013;SF2
1308;12;Hungary;11;ByeAlex;"""Kedvesem (Zoohacker Remix)""";Hungarian;8 †;2013;SF2
1309;13;Norway;52;Margaret Berger;"""I Feed You My Love""";English;3 †;2013;SF2
1310;14;Albania;10;Adrian Lulgjuraj & Bledar Sejko;"""Identitet""";Albanian;15;2013;SF2
1311;15;Georgia;6;Nodi Tatishvili & Sophie Gelovani;"""Waterfall""";English;10 †;2013;SF2
1312;16;Switzerland;54;Takasa;"""You and Me""";English;13;2013;SF2
1313;17;Romania;15;Cezar;"""It's My Life""";English;5 †;2013;SF2
1320;1;Armenia;8;Aram MP3;"""Not Alone""";English;4 †;2014;SF1
1321;2;Latvia;15;Aarzemnieki;"""Cake to Bake""";English[r];13;2014;SF1
1322;3;Estonia;20;Tanja;"""Amazing""";English;12;2014;SF1
1323;4;Sweden;54;Sanna Nielsen;"""Undo""";English;2 †;2014;SF1
1324;5;Iceland;27;Pollapönk;"""No Prejudice""";English;8 †;2014;SF1
1325;6;Albania;11;Hersi;"""One Night's Anger""";English;15;2014;SF1
1326;7;Russia;18;Tolmachevy Sisters;"""Shine""";English;6 †;2014;SF1
1327;8;Azerbaijan;7;Dilara Kazimova;"""Start a Fire""";English;9 †;2014;SF1
1328;9;Ukraine;12;Mariya Yaremchuk;"""Tick-Tock""";English;5 †;2014;SF1
1329;10;Belgium;56;Axel Hirsoux;"""Mother""";English;14;2014;SF1
1330;11;Moldova;10;Cristina Scarlat;"""Wild Soul""";English;16 ◁;2014;SF1
1331;12;San Marino;5;Valentina Monetta;"""Maybe""";English;10 †;2014;SF1
1332;13;Portugal;47;Suzy;"""Quero ser tua""";Portuguese;11;2014;SF1
1333;14;Netherlands;55;The Common Linnets;"""Calm After the Storm""";English;1 †;2014;SF1
1334;15;Montenegro;6;Sergej Ćetković;"""Moj svijet"" (Мој свијет)";Montenegrin;7 †;2014;SF1
1335;16;Hungary;12;András Kállay-Saunders;"""Running""";English;3 †;2014;SF1
1336;1;Malta;27;Firelight;"""Coming Home""";English;9 †;2014;SF2
1337;2;Israel;37;Mei Finegold;"""Same Heart""";English, Hebrew;14;2014;SF2
1338;3;Norway;53;Carl Espen;"""Silent Storm""";English;6 †;2014;SF2
1339;4;Georgia;7;The Shin & Mariko;"""Three Minutes to Earth""";English;15 ◁;2014;SF2
1340;5;Poland;17;Donatan & Cleo;"""My Słowianie – We Are Slavic""";Polish, English;8 †;2014;SF2
1341;6;Austria;47;Conchita Wurst;"""Rise Like a Phoenix""";English;1 †;2014;SF2
1342;7;Lithuania;15;Vilija;"""Attention""";English;11;2014;SF2
1343;8;Finland;48;Softengine;"""Something Better""";English;3 †;2014;SF2
1344;9;Ireland;48;Can-linn feat. Kasey Smith;"""Heartbeat""";English;12;2014;SF2
1345;10;Belarus;11;Teo;"""Cheesecake""";English;5 †;2014;SF2
1346;11;Macedonia;14;Tijana;"""To the Sky""";English;13;2014;SF2
1347;12;Switzerland;55;Sebalter;"""Hunter of Stars""";English;4 †;2014;SF2
1348;13;Greece;35;Freaky Fortune feat. RiskyKidd;"""Rise Up""";English;7 †;2014;SF2
1349;14;Slovenia;20;Tinkara Kovač;"""Round and Round""";English, Slovene;10 †;2014;SF2
1350;15;Romania;16;Paula Seling & Ovi;"""Miracle""";English;2 †;2014;SF2
1357;1;Moldova;11;Eduard Romanyuta;"""I Want Your Love""";English;11;2015;SF1
1358;2;Armenia;9;Genealogy;"""Face the Shadow""";English;7 †;2015;SF1
1359;3;Belgium;57;Loïc Nottet;"""Rhythm Inside""";English;2 †;2015;SF1
1360;4;Netherlands;56;Trijntje Oosterhuis;"""Walk Along""";English;14;2015;SF1
1361;5;Finland;49;Pertti Kurikan Nimipäivät;"""Aina mun pitää""";Finnish;16 ◁;2015;SF1
1362;6;Greece;36;Maria Elena Kyriakou;"""One Last Breath""";English;6 †;2015;SF1
1363;7;Estonia;21;Elina Born & Stig Rästa;"""Goodbye to Yesterday""";English;3 †;2015;SF1
1364;8;Macedonia;15;Daniel Kajmakoski;"""Autumn Leaves""";English;15;2015;SF1
1365;9;Serbia;8;Bojana Stamenov;"""Beauty Never Lies""";English;9 †;2015;SF1
1366;10;Hungary;13;Boggie;"""Wars for Nothing""";English;8 †;2015;SF1
1367;11;Belarus;12;Uzari & Maimuna;"""Time""";English;12;2015;SF1
1368;12;Russia;19;Polina Gagarina;"""A Million Voices""";English;1 †;2015;SF1
1369;13;Denmark;44;Anti Social Media;"""The Way You Are""";English;13;2015;SF1
1370;14;Albania;12;Elhaida Dani;"""I'm Alive""";English;10 †;2015;SF1
1371;15;Romania;17;Voltaj;"""De la capăt (All Over Again)""";Romanian, English;5 †;2015;SF1
1372;16;Georgia;8;Nina Sublatti;"""Warrior""";English;4 †;2015;SF1
1373;1;Lithuania;16;Monika Linkytė & Vaidas Baumila;"""This Time""";English;7 †;2015;SF2
1374;2;Ireland;49;Molly Sterling;"""Playing with Numbers""";English;12;2015;SF2
1375;3;San Marino;6;Anita Simoncini & Michele Perniola;"""Chain of Lights""";English;16;2015;SF2
1376;4;Montenegro;7;Knez;"""Adio"" (Адио)";Montenegrin;9 †;2015;SF2
1377;5;Malta;28;Amber;"""Warrior""";English;11;2015;SF2
1378;6;Norway;54;Mørland & Debrah Scarlett;"""A Monster Like Me""";English;4 †;2015;SF2
1379;7;Portugal;48;Leonor Andrade;"""Há um mar que nos separa""";Portuguese;14;2015;SF2
1380;8;Czech Republic;4;Marta Jandová & Václav Noid Bárta;"""Hope Never Dies""";English;13;2015;SF2
1381;9;Israel;38;Nadav Guedj;"""Golden Boy""";English;3 †;2015;SF2
1382;10;Latvia;16;Aminata;"""Love Injected""";English;2 †;2015;SF2
1383;11;Azerbaijan;8;Elnur Hüseynov;"""Hour of the Wolf""";English;10 †;2015;SF2
1384;12;Iceland;28;Maria Olafs;"""Unbroken""";English;15;2015;SF2
1385;13;Sweden;55;Måns Zelmerlöw;"""Heroes""";English;1 †;2015;SF2
1386;14;Switzerland;56;Mélanie René;"""Time to Shine""";English;17 ◁;2015;SF2
1387;15;Cyprus;32;John Karayiannis;"""One Thing I Should Have Done""";English;6 †;2015;SF2
1388;16;Slovenia;21;Maraaya;"""Here for You""";English;5 †;2015;SF2
1389;17;Poland;18;Monika Kuszyńska;"""In the Name of Love""";English;8 †;2015;SF2
1397;1;Finland;50;Sandhja;"""Sing It Away""";English;15;2016;SF1
1398;2;Greece;37;Argo;"""Utopian Land""";English, Greek[s];16;2016;SF1
1399;3;Moldova;12;Lidia Isac;"""Falling Stars""";English;17;2016;SF1
1400;4;Hungary;14;Freddie;"""Pioneer""";English;4 †;2016;SF1
1401;5;Croatia;22;Nina Kraljić;"""Lighthouse""";English;10 †;2016;SF1
1402;6;Netherlands;57;Douwe Bob;"""Slow Down""";English;5 †;2016;SF1
1403;7;Armenia;10;Iveta Mukuchyan;"""LoveWave""";English;2 †;2016;SF1
1404;8;San Marino;7;Serhat;"""I Didn't Know""";English;12;2016;SF1
1405;9;Russia;20;Sergey Lazarev;"""You Are the Only One""";English;1 †;2016;SF1
1406;10;Czech Republic;5;Gabriela Gunčíková;"""I Stand""";English;9 †;2016;SF1
1407;11;Cyprus;33;Minus One;"""Alter Ego""";English;8 †;2016;SF1
1408;12;Austria;49;Zoë;"""Loin d'ici""";French;7 †;2016;SF1
1409;13;Estonia;22;Jüri Pootsmann;"""Play""";English;18 ◁;2016;SF1
1410;14;Azerbaijan;9;Samra;"""Miracle""";English;6 †;2016;SF1
1411;15;Montenegro;8;Highway;"""The Real Thing""";English;13;2016;SF1
1412;16;Iceland;29;Greta Salóme;"""Hear Them Calling""";English;14;2016;SF1
1413;17;Bosnia and Herzegovina;19;Dalal & Deen feat. Ana Rucner & Jala;"""Ljubav je""";Bosnian;11;2016;SF1
1414;18;Malta;29;Ira Losco;"""Walk on Water""";English;3 †;2016;SF1
1415;1;Latvia;17;Justs;"""Heartbeat""";English;8 †;2016;SF2
1416;2;Poland;19;Michał Szpak;"""Color of Your Life""";English;6 †;2016;SF2
1417;3;Switzerland;57;Rykka;"""The Last of Our Kind""";English;18 ◁;2016;SF2
1418;4;Israel;39;Hovi Star;"""Made of Stars""";English;7 †;2016;SF2
1419;5;Belarus;13;Ivan;"""Help You Fly""";English;12;2016;SF2
1420;6;Serbia;9;Sanja Vučić ZAA;"""Goodbye (Shelter)""";English;10 †;2016;SF2
1421;7;Ireland;50;Nicky Byrne;"""Sunlight""";English;15;2016;SF2
1422;8;Macedonia;16;Kaliopi;"""Dona"" (Дона)";Macedonian;11;2016;SF2
1423;9;Lithuania;17;Donny Montell;"""I've Been Waiting for This Night""";English;4 †;2016;SF2
1424;10;Australia;2;Dami Im;"""Sound of Silence""";English;1 †;2016;SF2
1425;11;Slovenia;22;ManuElla;"""Blue and Red""";English;14;2016;SF2
1426;12;Bulgaria;10;Poli Genova;"""If Love Was a Crime""";English, Bulgarian;5 †;2016;SF2
1427;13;Denmark;45;Lighthouse X;"""Soldiers of Love""";English;17;2016;SF2
1428;14;Ukraine;13;Jamala;"""1944""";English, Crimean Tatar;2 †;2016;SF2
1429;15;Norway;55;Agnete;"""Icebreaker""";English;13;2016;SF2
1430;16;Georgia;9;Nika Kocharov & Young Georgian Lolitaz;"""Midnight Gold""";English;9 †;2016;SF2
1431;17;Albania;13;Eneda Tarifa;"""Fairytale""";English;16;2016;SF2
1432;18;Belgium;58;Laura Tesoro;"""What's the Pressure""";English;3 †;2016;SF2
1439;1;Sweden;57;Robin Bengtsson;"""I Can't Go On""";English;3 †;2017;SF1
1440;2;Georgia;10;Tamara Gachechiladze;"""Keep the Faith""";English;11;2017;SF1
1441;3;Australia;3;Isaiah;"""Don't Come Easy""";English;6 †;2017;SF1
1442;4;Albania;14;Lindita;"""World""";English;14;2017;SF1
1443;5;Belgium;59;Blanche;"""City Lights""";English;4 †;2017;SF1
1444;6;Montenegro;9;Slavko Kalezić;"""Space""";English;16;2017;SF1
1445;7;Finland;51;Norma John;"""Blackbird""";English;12;2017;SF1
1446;8;Azerbaijan;10;Dihaj;"""Skeletons""";English;8 †;2017;SF1
1447;9;Portugal;49;Salvador Sobral;"""Amar pelos dois""";Portuguese;1 †;2017;SF1
1448;10;Greece;38;Demy;"""This Is Love""";English;10 †;2017;SF1
1449;11;Poland;20;Kasia Moś;"""Flashlight""";English;9 †;2017;SF1
1450;12;Moldova;13;SunStroke Project;"""Hey, Mamma!""";English;2 †;2017;SF1
1451;13;Iceland;30;Svala;"""Paper""";English;15;2017;SF1
1452;14;Czech Republic;6;Martina Bárta;"""My Turn""";English;13;2017;SF1
1453;15;Cyprus;34;Hovig;"""Gravity""";English;5 †;2017;SF1
1454;16;Armenia;11;Artsvik;"""Fly with Me""";English;7 †;2017;SF1
1455;17;Slovenia;23;Omar Naber;"""On My Way""";English;17;2017;SF1
1456;18;Latvia;18;Triana Park;"""Line""";English;18 ◁;2017;SF1
1457;1;Serbia;10;Tijana Bogićević;"""In Too Deep""";English;11;2017;SF2
1458;2;Austria;50;Nathan Trent;"""Running on Air""";English;7 †;2017;SF2
1459;3;Macedonia;17;Jana Burčeska;"""Dance Alone""";English;15;2017;SF2
1460;4;Malta;30;Claudia Faniello;"""Breathlessly""";English;16;2017;SF2
1461;5;Romania;18;Ilinca feat. Alex Florea;"""Yodel It!""";English;6 †;2017;SF2
1462;6;Netherlands;58;O'G3NE;"""Lights and Shadows""";English;4 †;2017;SF2
1463;7;Hungary;15;Joci Pápai;"""Origo""";Hungarian;2 †;2017;SF2
1464;8;Denmark;46;Anja;"""Where I Am""";English;10 †;2017;SF2
1465;9;Ireland;51;Brendan Murray;"""Dying to Try""";English;13;2017;SF2
1466;10;San Marino;8;Valentina Monetta & Jimmie Wilson;"""Spirit of the Night""";English;18 ◁;2017;SF2
1467;11;Croatia;23;Jacques Houdek;"""My Friend""";English, Italian;8 †;2017;SF2
1468;12;Norway;56;JOWST;"""Grab the Moment""";English;5 †;2017;SF2
1469;13;Switzerland;58;Timebelle;"""Apollo""";English;12;2017;SF2
1470;14;Belarus;14;Naviband;"""Story of My Life""";Belarusian;9 †;2017;SF2
1471;15;Bulgaria;11;Kristian Kostov;"""Beautiful Mess""";English;1 †;2017;SF2
1472;16;Lithuania;18;Fusedmarc;"""Rain of Revolution""";English;17;2017;SF2
1473;17;Estonia;23;Koit Toome & Laura;"""Verona""";English;14;2017;SF2
1474;18;Israel;40;Imri;"""I Feel Alive""";English;3 †;2017;SF2
1481;1;Azerbaijan;11;Aisel;"""X My Heart""";English;11;2018;SF1
1482;2;Iceland;31;Ari Ólafsson;"""Our Choice""";English;19 ◁;2018;SF1
1483;3;Albania;15;Eugent Bushpepa;"""Mall""";Albanian;8 †;2018;SF1
1484;4;Belgium;60;Sennek;"""A Matter of Time""";English;12;2018;SF1
1485;5;Czech Republic;7;Mikolas Josef;"""Lie to Me""";English;3 †;2018;SF1
1486;6;Lithuania;19;Ieva Zasimauskaitė;"""When We're Old""";English[v];9 †;2018;SF1
1487;7;Israel;41;Netta;"""Toy""";English[w];1 †;2018;SF1
1488;8;Belarus;15;Alekseev;"""Forever""";English;16;2018;SF1
1489;9;Estonia;24;Elina Nechayeva;"""La forza""";Italian;5 †;2018;SF1
1490;10;Bulgaria;12;Equinox;"""Bones""";English;7 †;2018;SF1
1491;11;Macedonia;18;Eye Cue;"""Lost and Found""";English;18;2018;SF1
1492;12;Croatia;24;Franka;"""Crazy""";English;17;2018;SF1
1493;13;Austria;51;Cesár Sampson;"""Nobody but You""";English;4 †;2018;SF1
1494;14;Greece;39;Yianna Terzi;"""Oniro mou"" (Όνειρό μου)";Greek;14;2018;SF1
1495;15;Finland;52;Saara Aalto;"""Monsters""";English;10 †;2018;SF1
1496;16;Armenia;12;Sevak Khanagyan;"""Qami"" (Քամի)";Armenian;15;2018;SF1
1497;17;Switzerland;59;ZiBBZ;"""Stones""";English;13;2018;SF1
1498;18;Ireland;52;Ryan O'Shaughnessy;"""Together""";English;6 †;2018;SF1
1499;19;Cyprus;35;Eleni Foureira;"""Fuego""";English[b];2 †;2018;SF1
1500;1;Norway;57;Alexander Rybak;"""That's How You Write a Song""";English;1 †;2018;SF2
1501;2;Romania;19;The Humans;"""Goodbye""";English;11;2018;SF2
1502;3;Serbia;11;Sanja Ilić & Balkanika;"""Nova deca"" (Нова деца)";Serbian[x];9 †;2018;SF2
1503;4;San Marino;9;Jessika feat. Jenifer Brening;"""Who We Are""";English;17;2018;SF2
1504;5;Denmark;47;Rasmussen;"""Higher Ground""";English[y];5 †;2018;SF2
1505;6;Russia;21;Julia Samoylova;"""I Won't Break""";English;15;2018;SF2
1506;7;Moldova;14;DoReDoS;"""My Lucky Day""";English;3 †;2018;SF2
1507;8;Netherlands;59;Waylon;"""Outlaw in 'Em""";English;7 †;2018;SF2
1508;9;Australia;4;Jessica Mauboy;"""We Got Love""";English;4 †;2018;SF2
1509;10;Georgia;11;Ethno-Jazz Band Iriao;"""For You""";Georgian;18 ◁;2018;SF2
1510;11;Poland;21;Gromee feat. Lukas Meijer;"""Light Me Up""";English;14;2018;SF2
1511;12;Malta;31;Christabelle;"""Taboo""";English;13;2018;SF2
1512;13;Hungary;16;AWS;"""Viszlát nyár""";Hungarian;10 †;2018;SF2
1513;14;Latvia;19;Laura Rizzotto;"""Funny Girl""";English;12;2018;SF2
1514;15;Sweden;58;Benjamin Ingrosso;"""Dance You Off""";English;2 †;2018;SF2
1515;16;Montenegro;10;Vanja Radovanović;"""Inje"" (Иње)";Montenegrin;16;2018;SF2
1516;17;Slovenia;24;Lea Sirk;"""Hvala, ne!""";Slovene[z];8 †;2018;SF2
1517;18;Ukraine;15;Mélovin;"""Under the Ladder""";English;6 †;2018;SF2
1524;1;Cyprus;36;Tamta;"""Replay""";English;9 †;2019;SF1
1525;2;Montenegro;11;D mol;"""Heaven""";English;16;2019;SF1
1526;3;Finland;53;Darude feat. Sebastian Rejman;"""Look Away""";English;17 ◁;2019;SF1
1527;4;Poland;22;Tulia;"""Fire of Love (Pali się)""";Polish, English;11;2019;SF1
1528;5;Slovenia;25;Zala Kralj & Gašper Šantl;"""Sebi""";Slovene;6 †;2019;SF1
1529;6;Czech Republic;8;Lake Malawi;"""Friend of a Friend""";English;2 †;2019;SF1
1530;7;Hungary;17;Joci Pápai;"""Az én apám""";Hungarian;12;2019;SF1
1531;8;Belarus;16;ZENA;"""Like It""";English;10 †;2019;SF1
1532;9;Serbia;12;Nevena Božović;"""Kruna"" (Круна)";Serbian[g];7 †;2019;SF1
1533;10;Belgium;61;Eliot;"""Wake Up""";English;13;2019;SF1
1534;11;Georgia;12;Oto Nemsadze;"""Keep on Going""";Georgian[aa];14;2019;SF1
1535;12;Australia;5;Kate Miller-Heidke;"""Zero Gravity""";English;1 †;2019;SF1
1536;13;Iceland;32;Hatari;"""Hatrið mun sigra""";Icelandic;3 †;2019;SF1
1537;14;Estonia;25;Victor Crone;"""Storm""";English;4 †;2019;SF1
1538;15;Portugal;51;Conan Osiris;"""Telemóveis""";Portuguese;15;2019;SF1
1539;16;Greece;40;Katerine Duska;"""Better Love""";English;5 †;2019;SF1
1540;17;San Marino;10;Serhat;"""Say Na Na Na""";English[q];8 †;2019;SF1
1541;1;Armenia;13;Srbuk;"""Walking Out""";English;16;2019;SF2
1542;2;Ireland;53;Sarah McTernan;"""22""";English;18 ◁;2019;SF2
1543;3;Moldova;15;Anna Odobescu;"""Stay""";English;12;2019;SF2
1544;4;Switzerland;60;Luca Hänni;"""She Got Me""";English;4 †;2019;SF2
1545;5;Latvia;20;Carousel;"""That Night""";English;15;2019;SF2
1546;6;Romania;20;Ester Peony;"""On a Sunday""";English;13;2019;SF2
1547;7;Denmark;48;Leonora;"""Love Is Forever""";English, French[c][ab];10 †;2019;SF2
1548;8;Sweden;59;John Lundvik;"""Too Late for Love""";English;3 †;2019;SF2
1549;9;Austria;52;PÆNDA;"""Limits""";English;17;2019;SF2
1550;10;Croatia;25;Roko;"""The Dream""";English, Croatian;14;2019;SF2
1551;11;Malta;32;Michela;"""Chameleon""";English;8 †;2019;SF2
1552;12;Lithuania;20;Jurij Veklenko;"""Run with the Lions""";English;11;2019;SF2
1553;13;Russia;22;Sergey Lazarev;"""Scream""";English;6 †;2019;SF2
1554;14;Albania;16;Jonida Maliqi;"""Ktheju tokës""";Albanian;9 †;2019;SF2
1555;15;Norway;58;KEiiNO;"""Spirit in the Sky""";English[ac];7 †;2019;SF2
1556;16;Netherlands;60;Duncan Laurence;"""Arcade""";English;1 †;2019;SF2
1557;17;North Macedonia;19;Tamara Todevska;"""Proud""";English;2 †;2019;SF2
1558;18;Azerbaijan;12;Chingiz;"""Truth""";English;5 †;2019;SF2
1565;1;Lithuania;21;The Roop;"""Discoteque""";English;4 †;2021;SF1
1566;2;Slovenia;26;Ana Soklič;"""Amen""";English;13;2021;SF1
1567;3;Russia;23;Manizha;"""Russian Woman""";Russian, English;3 †;2021;SF1
1568;4;Sweden;60;Tusse;"""Voices""";English;7 †;2021;SF1
1569;5;Australia;6;Montaigne;"""Technicolour""";English;14;2021;SF1
1570;6;North Macedonia;20;Vasil;"""Here I Stand""";English;15;2021;SF1
1571;7;Ireland;54;Lesley Roy;"""Maps""";English;16 ◁;2021;SF1
1572;8;Cyprus;37;Elena Tsagrinou;"""El Diablo""";English[b];6 †;2021;SF1
1573;9;Norway;59;Tix;"""Fallen Angel""";English;10 †;2021;SF1
1574;10;Croatia;26;Albina;"""Tick-Tock""";English, Croatian;11;2021;SF1
1575;11;Belgium;62;Hooverphonic;"""The Wrong Place""";English;9 †;2021;SF1
1576;12;Israel;43;Eden Alene;"""Set Me Free""";English[w];5 †;2021;SF1
1577;13;Romania;21;Roxen;"""Amnesia""";English;12;2021;SF1
1578;14;Azerbaijan;13;Efendi;"""Mata Hari""";English[o];8 †;2021;SF1
1579;15;Ukraine;16;Go_A;"""Shum"" (Шум)";Ukrainian;2 †;2021;SF1
1580;16;Malta;33;Destiny;"""Je me casse""";English[a];1 †;2021;SF1
1581;1;San Marino;11;Senhit[ad];"""Adrenalina""";English[i];9 †;2021;SF2
1582;2;Estonia;26;Uku Suviste;"""The Lucky One""";English;13;2021;SF2
1583;3;Czech Republic;9;Benny Cristo;"""Omaga""";English[d];15;2021;SF2
1584;4;Greece;41;Stefania;"""Last Dance""";English;6 †;2021;SF2
1585;5;Austria;53;Vincent Bueno;"""Amen""";English;12;2021;SF2
1586;6;Poland;23;Rafał;"""The Ride""";English;14;2021;SF2
1587;7;Moldova;16;Natalia Gordienko;"""Sugar""";English;7 †;2021;SF2
1588;8;Iceland;33;Daði og Gagnamagnið;"""10 Years""";English;2 †;2021;SF2
1589;9;Serbia;13;Hurricane;"""Loco Loco""";Serbian[g][b];8 †;2021;SF2
1590;10;Georgia;13;Tornike Kipiani;"""You""";English;16;2021;SF2
1591;11;Albania;17;Anxhela Peristeri;"""Karma""";Albanian;10 †;2021;SF2
1592;12;Portugal;52;The Black Mamba;"""Love Is on My Side""";English;4 †;2021;SF2
1593;13;Bulgaria;13;Victoria;"""Growing Up Is Getting Old""";English;3 †;2021;SF2
1594;14;Finland;54;Blind Channel;"""Dark Side""";English;5 †;2021;SF2
1595;15;Latvia;21;Samanta Tīna;"""The Moon is Rising""";English;17 ◁;2021;SF2
1596;16;Switzerland;61;Gjon's Tears;"""Tout l'Univers""";French;1 †;2021;SF2
1597;17;Denmark;49;Fyr & Flamme;"""Øve os på hinanden""";Danish;11;2021;SF2
